platform,item_id,product_name_clean,category_derived,price,original_price,discount_pct,sold_final,sold_source,rating_avg,review_count,has_ratings,is_suspicious,is_authentic,seller_name,url,image_url
Shopee,26358761587,HGHMNDS ONLINE - AURORA TEE,T-Shirt,638.0,750.0,15.0,0,sold_30d,4.953367875647668,193,True,False,True,HGHMNDS ONLINE,https://shopee.ph/product/507737714/26358761587,https://down-ph.img.susercontent.com/file/ph-11134207-820l4-moxpe5xndgjv59
Shopee,26231316324,HGHMNDS CLO. - SNOW SHIRT,T-Shirt,340.0,400.0,15.0,0,sold_30d,4.935975609756097,656,True,False,True,HGHMNDS ONLINE,https://shopee.ph/product/507737714/26231316324,https://down-ph.img.susercontent.com/file/ph-11134207-7rask-m7xxk1qw8oxf9c
Shopee,25593269708,HGHMNDS CLO. - COAL SHIRT,T-Shirt,340.0,400.0,15.0,0,sold_30d,4.964503042596349,987,True,False,True,HGHMNDS ONLINE,https://shopee.ph/product/507737714/25593269708,https://down-ph.img.susercontent.com/file/ph-11134207-7rasb-m7xxunhpok81de
Shopee,12012138123,HGHMNDS ONLINE - COSMIC PROCESS SHIRT,T-Shirt,600.0,750.0,20.0,0,sold_30d,4.913140311804009,1347,True,False,True,HGHMNDS ONLINE,https://shopee.ph/product/507737714/12012138123,https://down-ph.img.susercontent.com/file/5c2e15fd8656fa0112e1b19abdde3b4c
Shopee,29511166927,HGHMNDS CLO. - RAINBOW DRIVE,Other,638.0,750.0,15.0,0,sold_30d,4.966244725738397,237,True,False,True,HGHMNDS ONLINE,https://shopee.ph/product/507737714/29511166927,https://down-ph.img.susercontent.com/file/ph-11134207-7r98p-m04d2zbvcbxqe2
Shopee,23090363589,HGHMNDS CLO. - NIGHTWALKER,Other,213.0,250.0,15.0,0,sold_30d,4.933618843683083,467,True,True,True,HGHMNDS ONLINE,https://shopee.ph/product/507737714/23090363589,https://down-ph.img.susercontent.com/file/ph-11134207-7r991-m04ezhno64xa21
Shopee,13399839271,HGHMNDS CLO. - Diamond Rough Shorts,Other,638.0,750.0,15.0,0,sold_30d,4.957446808510638,141,True,False,True,HGHMNDS ONLINE,https://shopee.ph/product/507737714/13399839271,https://down-ph.img.susercontent.com/file/ph-11134207-7r990-lmtzvhexvk6p1d
Shopee,45700874958,HGHMNDS CLO. - Own And Grow Shirt,T-Shirt,292.0,399.0,27.0,0,sold_30d,4.142857142857143,7,True,False,True,CF@Spectee,https://shopee.ph/product/1653773917/45700874958,https://down-ph.img.susercontent.com/file/sg-11134201-821ef-mgp4l0k3fkej62
Shopee,20734440931,HGHMNDS ONLINE - STOREFRONT SHIRT,T-Shirt,600.0,750.0,20.0,0,sold_30d,4.919023136246786,778,True,False,True,HGHMNDS ONLINE,https://shopee.ph/product/507737714/20734440931,https://down-ph.img.susercontent.com/file/5e5f4486200bd83092f0bf0d03b3542f
Shopee,24315675187,HGHMNDS CLO. - STARGAZE,Other,638.0,750.0,15.0,0,sold_30d,4.946428571428571,168,True,False,True,HGHMNDS ONLINE,https://shopee.ph/product/507737714/24315675187,https://down-ph.img.susercontent.com/file/ph-11134207-7r98y-ls9l9y98yw39d7
Shopee,26967589888,HGHMNDS ONLINE - DIVA NEMESIS SHIRT,T-Shirt,600.0,750.0,20.0,0,sold_30d,4.974358974358974,156,True,False,True,HGHMNDS ONLINE,https://shopee.ph/product/507737714/26967589888,https://down-ph.img.susercontent.com/file/ph-11134207-820lg-mq1qf88k737y0f
Shopee,45007235303,HGHMNDS ONLINE - SIGN SIGNALS,Other,680.0,800.0,15.0,0,sold_30d,4.952380952380953,42,True,False,True,HGHMNDS ONLINE,https://shopee.ph/product/507737714/45007235303,https://down-ph.img.susercontent.com/file/ph-11134207-81ztq-mlt4t931yneoc9
Shopee,29720161377,HGHMNDS CLO. - KALM KORNER,Other,638.0,750.0,15.0,0,sold_30d,4.936224489795919,392,True,False,True,HGHMNDS ONLINE,https://shopee.ph/product/507737714/29720161377,https://down-ph.img.susercontent.com/file/ph-11134207-7rase-m3kjxk8wmtqv60
Shopee,26673954463,HGHMNDS CLO. - Nostalgic Shirt,T-Shirt,638.0,750.0,15.0,0,sold_30d,4.93,200,True,False,True,HGHMNDS ONLINE,https://shopee.ph/product/507737714/26673954463,https://down-ph.img.susercontent.com/file/ph-11134207-7rasm-m57kynhlp937a3
Shopee,26467616420,HGHMNDS CLO. - DEFENDER QUEEN,Other,620.0,750.0,17.0,0,sold_30d,4.949416342412452,257,True,False,True,HGHMNDS ONLINE,https://shopee.ph/product/507737714/26467616420,https://down-ph.img.susercontent.com/file/ph-11134207-820l6-mq1qalm2jh8hf6
Shopee,23242379166,HGHMNDS CLO. - NEVER FINAL,Other,600.0,750.0,20.0,0,sold_30d,4.93193717277487,382,True,False,True,HGHMNDS ONLINE,https://shopee.ph/product/507737714/23242379166,https://down-ph.img.susercontent.com/file/548afa2a517993822be06e5841867536
Shopee,42712564843,HGHMNDS ONLINE - ILLUSION SHIRT COD,T-Shirt,119.0,297.0,60.0,0,sold_30d,4.222222222222222,9,True,True,True,PrintPalace,https://shopee.ph/product/736854438/42712564843,https://down-ph.img.susercontent.com/file/ph-11134207-7ra0j-mdcy7ekrkjls4c
Shopee,20723719215,HGHMNDS CLO. - PERCEPTION,Other,600.0,750.0,20.0,0,sold_30d,4.936363636363637,1210,True,False,True,HGHMNDS ONLINE,https://shopee.ph/product/507737714/20723719215,https://down-ph.img.susercontent.com/file/ph-11134207-7r98v-lq38die4xxa3b8
Shopee,9789896747,HGHMNDS ONLINE - BEST SHOT SHIRT,T-Shirt,620.0,750.0,17.0,0,sold_30d,4.949607329842932,1528,True,False,True,HGHMNDS ONLINE,https://shopee.ph/product/507737714/9789896747,https://down-ph.img.susercontent.com/file/e0356837fdac68abc739f5a695b38910
Shopee,28979650807,HGHMNDS CLO. - TACTICAL RUST,Other,723.0,850.0,15.0,0,sold_30d,4.961240310077519,129,True,False,True,HGHMNDS ONLINE,https://shopee.ph/product/507737714/28979650807,https://down-ph.img.susercontent.com/file/ph-11134207-7rasg-m7c6310eznmd08
Shopee,57101715383,HGHMNDS CLO - THUNDERSTRUCK MONO,Other,680.0,850.0,20.0,0,sold_30d,5.0,33,True,False,True,HGHMNDS ONLINE,https://shopee.ph/product/507737714/57101715383,https://down-ph.img.susercontent.com/file/ph-11134207-81ztg-mh8ykfbflxjc2a
Shopee,26431320011,HGHMNDS CLO. - IVORY LONGSLEEVES,Longsleeves,425.0,500.0,15.0,0,sold_30d,4.966037735849056,265,True,False,True,HGHMNDS ONLINE,https://shopee.ph/product/507737714/26431320011,https://down-ph.img.susercontent.com/file/ph-11134207-7rasc-m7xxwpp50ecee6
Shopee,25943269765,HGHMNDS ONLINE - EBONY LONGSLEEVES,Longsleeves,425.0,500.0,15.0,0,sold_30d,4.926686217008798,341,True,False,True,HGHMNDS ONLINE,https://shopee.ph/product/507737714/25943269765,https://down-ph.img.susercontent.com/file/ph-11134207-7rasj-m7xy23bvnki5b2
Shopee,50556215544,HGHMNDS ONLINE - THORN CROWN,Other,638.0,750.0,15.0,0,sold_30d,4.970588235294118,68,True,False,True,HGHMNDS ONLINE,https://shopee.ph/product/507737714/50556215544,https://down-ph.img.susercontent.com/file/ph-11134207-81ztd-mkplhe12s3raba
Shopee,22500342714,HGHMNDS ONLINE - MANIFEST SHIRT,T-Shirt,600.0,750.0,20.0,0,sold_30d,4.935300794551646,881,True,False,True,HGHMNDS ONLINE,https://shopee.ph/product/507737714/22500342714,https://down-ph.img.susercontent.com/file/sg-11134201-22100-u7h3py9qunivd6
Shopee,20369038450,HGHMNDS ONLINE - MIXTAPE SYNDROME SHIRT,T-Shirt,600.0,750.0,20.0,0,sold_30d,4.920421860019175,1043,True,False,True,HGHMNDS ONLINE,https://shopee.ph/product/507737714/20369038450,https://down-ph.img.susercontent.com/file/sg-11134201-22120-e2pr3qql57kvd8
Shopee,54657196699,HGHMNDS ONLINE - TRIFECTA SHIRT,T-Shirt,680.0,800.0,15.0,0,sold_30d,4.951923076923077,104,True,False,True,HGHMNDS ONLINE,https://shopee.ph/product/507737714/54657196699,https://down-ph.img.susercontent.com/file/ph-11134207-81ztg-mlt4h5nca1vlbf
Shopee,24980522332,HGHMNDS ONLINE - HOME TEAM SHIRT,T-Shirt,638.0,750.0,15.0,0,sold_30d,4.938496583143508,439,True,False,True,HGHMNDS ONLINE,https://shopee.ph/product/507737714/24980522332,https://down-ph.img.susercontent.com/file/ph-11134207-7r98t-lva786168qttba
Shopee,26119188494,HGHMNDS ONLINE - IRON WELDERS,Other,600.0,750.0,20.0,0,sold_30d,4.946808510638298,282,True,False,True,HGHMNDS ONLINE,https://shopee.ph/product/507737714/26119188494,https://down-ph.img.susercontent.com/file/ph-11134207-7ras9-m36af6zcxmmce9
Shopee,25561358788,HGHMNDS ONLINE - SOUL SCALE SHIRT,T-Shirt,638.0,750.0,15.0,0,sold_30d,4.939461883408072,446,True,False,True,HGHMNDS ONLINE,https://shopee.ph/product/507737714/25561358788,https://down-ph.img.susercontent.com/file/ph-11134207-7r992-lr2sh44qdgsk5c
Shopee,28730868187,UNBR HGHMNDS CLO.-American trendy short-sleeved street casual T-shirt,T-Shirt,148.0,298.0,50.0,0,sold_30d,4.523076923076923,65,True,True,True,Elegant Shop01,https://shopee.ph/product/1419160556/28730868187,https://down-ph.img.susercontent.com/file/ph-11134207-7rasj-m7svx4mda5plb3
Shopee,45158817567,HGHMNDS ONLINE - VENOMOUS SHORTS,Other,680.0,800.0,15.0,0,sold_30d,4.909090909090909,55,True,False,True,HGHMNDS ONLINE,https://shopee.ph/product/507737714/45158817567,https://down-ph.img.susercontent.com/file/ph-11134207-820l6-mn1cqqc5mkud43
Shopee,23012167630,HGHMNDS CLO. - THANKFUL DAILY SHIRT,T-Shirt,620.0,750.0,17.0,0,sold_30d,4.846938775510204,392,True,False,True,HGHMNDS ONLINE,https://shopee.ph/product/507737714/23012167630,https://down-ph.img.susercontent.com/file/sg-11134201-22120-33e0t35z57kvbe
Shopee,10728032743,HGHMNDS CLO. - Soulful,Other,600.0,750.0,20.0,0,sold_30d,4.927051671732523,658,True,False,True,HGHMNDS ONLINE,https://shopee.ph/product/507737714/10728032743,https://down-ph.img.susercontent.com/file/d4500c7f4429d58ca8129e7592f18fea
Shopee,23288329573,HGHMNDS CLO. - STEEL WORKS,T-Shirt,638.0,750.0,15.0,0,sold_30d,4.920792079207921,404,True,False,True,HGHMNDS ONLINE,https://shopee.ph/product/507737714/23288329573,https://down-ph.img.susercontent.com/file/ph-11134207-7r98t-lpaebl6nvsh514
Shopee,10283185473,HGHMNDS CLO. - Game On Shirt,T-Shirt,638.0,750.0,15.0,0,sold_30d,4.961505560307955,1169,True,False,True,HGHMNDS ONLINE,https://shopee.ph/product/507737714/10283185473,https://down-ph.img.susercontent.com/file/ph-11134207-820li-mq1r6nlcs83y7c
Shopee,17374898390,HGHMNDS ONLINE - NO HEAVEN SHIRT,T-Shirt,590.0,750.0,21.0,0,sold_30d,4.917073170731707,820,True,False,True,HGHMNDS ONLINE,https://shopee.ph/product/507737714/17374898390,https://down-ph.img.susercontent.com/file/99e10250123df995ead1c227a4c0f199
Shopee,44562217629,HGHMNDS ONLINE - NIGHT WATCH,Other,680.0,800.0,15.0,0,sold_30d,5.0,3,True,False,True,HGHMNDS ONLINE,https://shopee.ph/product/507737714/44562217629,https://down-ph.img.susercontent.com/file/ph-11134207-820l8-mpg7zyi5rbij76
Shopee,15995853882,HGHMNDS CLO. - HEART MOLD SHIRT,T-Shirt,620.0,750.0,17.0,0,sold_30d,4.929173693086003,593,True,False,True,HGHMNDS ONLINE,https://shopee.ph/product/507737714/15995853882,https://down-ph.img.susercontent.com/file/sg-11134201-22120-zj2ikigm67kvf9
Shopee,26661166888,HGHMNDS ONLINE - GO NORTH SHIRT,T-Shirt,600.0,750.0,20.0,0,sold_30d,4.9375,208,True,False,True,HGHMNDS ONLINE,https://shopee.ph/product/507737714/26661166888,https://down-ph.img.susercontent.com/file/ph-11134207-7r98u-m04cyr3e5qtg74
Shopee,21154814658,HGHMNDS CLO. - LEAF CROWN,Other,600.0,750.0,20.0,0,sold_30d,4.92811296534018,779,True,False,True,HGHMNDS ONLINE,https://shopee.ph/product/507737714/21154814658,https://down-ph.img.susercontent.com/file/sg-11134201-22100-hhu0z0fbunivb0
Shopee,40270673432,【COD】 HGHMNDS CLO. - GOLD KNIGHT,Other,280.0,400.0,30.0,0,sold_30d,3.0,1,True,False,True,Super clothing,https://shopee.ph/product/1536687691/40270673432,https://down-ph.img.susercontent.com/file/sg-11134201-824h0-mez69hcoterz93
Shopee,45156235563,HGHMNDS ONLINE - CROSS CARVE SHIRT,T-Shirt,620.0,750.0,17.0,0,sold_30d,4.951219512195122,82,True,False,True,HGHMNDS ONLINE,https://shopee.ph/product/507737714/45156235563,https://down-ph.img.susercontent.com/file/ph-11134207-81ztn-mkpkyy4bw7ba68
Shopee,26812401403,HighMinds Trucker Cap High Quality Baseball Cap,Headwear,124.0,136.0,9.0,0,sold_30d,4.810344827586207,58,True,True,True,OneGearNoBreak,https://shopee.ph/product/898310305/26812401403,https://down-ph.img.susercontent.com/file/ph-11134207-7ras9-m0mh852m0t1gb1
Shopee,21399000797,HGHMNDS CLO. - Built,Other,620.0,750.0,17.0,0,sold_30d,4.959641255605381,446,True,False,True,HGHMNDS ONLINE,https://shopee.ph/product/507737714/21399000797,https://down-ph.img.susercontent.com/file/ph-11134207-820l6-mq1pb134gjr6c6
Shopee,9690010208,HGHMNDS CLO. - Illusion Shirt,T-Shirt,620.0,750.0,17.0,0,sold_30d,4.928928928928929,999,True,False,True,HGHMNDS ONLINE,https://shopee.ph/product/507737714/9690010208,https://down-ph.img.susercontent.com/file/c37df8de5329753ee7a055da8fe05900
Shopee,25711357629,HGHMNDS CLO. - EXPANSION,Other,638.0,750.0,15.0,0,sold_30d,4.947565543071161,267,True,False,True,HGHMNDS ONLINE,https://shopee.ph/product/507737714/25711357629,https://down-ph.img.susercontent.com/file/ph-11134207-820ld-mq1qrbjv9onh18
Shopee,12647461968,HGHMNDS ONLINE - FREEDOM T-SHIRT,T-Shirt,620.0,750.0,17.0,0,sold_30d,4.950511945392491,586,True,False,True,HGHMNDS ONLINE,https://shopee.ph/product/507737714/12647461968,https://down-ph.img.susercontent.com/file/ph-11134207-820lc-mp7wn5tm0s26f5
Shopee,24953527496,HGHMNDS CLO. - SUCCESS SPHERE,Other,638.0,750.0,15.0,0,sold_30d,4.868852459016393,122,True,False,True,HGHMNDS ONLINE,https://shopee.ph/product/507737714/24953527496,https://down-ph.img.susercontent.com/file/ph-11134207-7r98p-lpaej9p98g6hb3
Shopee,11028516942,HGHMNDS CLO. - Unstoppable (Black) Shirt,T-Shirt,600.0,750.0,20.0,0,sold_30d,4.961467889908257,1090,True,False,True,HGHMNDS ONLINE,https://shopee.ph/product/507737714/11028516942,https://down-ph.img.susercontent.com/file/95b2529ddd8ba1539698c12b8cfa0b2c
Shopee,57651705366,HGHMNDS CLO - PEACEFUL ROADS,Other,635.0,750.0,15.0,0,sold_30d,4.921568627450981,153,True,False,True,HGHMNDS ONLINE,https://shopee.ph/product/507737714/57651705366,https://down-ph.img.susercontent.com/file/ph-11134207-81ztf-mh8pp4jqi87cbc
Shopee,25674009612,HGHMNDS CLO. - FORGET NOT,Other,600.0,750.0,20.0,0,sold_30d,4.919161676646707,334,True,False,True,HGHMNDS ONLINE,https://shopee.ph/product/507737714/25674009612,https://down-ph.img.susercontent.com/file/ph-11134207-7r98w-lu316pr0osky65
Shopee,56854072603,HGHMNDS CLO. - Own And Grow Shirt,T-Shirt,213.0,300.0,29.0,0,sold_30d,5.0,1,True,True,True,Lazy Sunday Co.,https://shopee.ph/product/1654248347/56854072603,https://down-ph.img.susercontent.com/file/sg-11134201-81zvu-mj1c8v7q5zb775
Shopee,28620154786,HGHMNDS CLO. - LOVE GROWS,Other,638.0,750.0,15.0,0,sold_30d,4.907801418439717,141,True,False,True,HGHMNDS ONLINE,https://shopee.ph/product/507737714/28620154786,https://down-ph.img.susercontent.com/file/ph-11134207-7rash-m3kjivqw3yun8e
Shopee,52558797637,HGHMNDS ONLINE - TERAVISION (BLACK),Other,850.0,1000.0,15.0,0,sold_30d,4.945945945945946,37,True,False,True,HGHMNDS ONLINE,https://shopee.ph/product/507737714/52558797637,https://down-ph.img.susercontent.com/file/ph-11134207-820l5-mn1ctug61729d7
Shopee,10726421176,HGHMNDS CLO. - HOTLINE BLACK,Other,600.0,750.0,20.0,0,sold_30d,4.939285714285714,280,True,False,True,HGHMNDS ONLINE,https://shopee.ph/product/507737714/10726421176,https://down-ph.img.susercontent.com/file/679e8e4c6c2b65f366566de61c3f7773
Shopee,42253933715,(COD) HGHMNDS ONLINE-PERCEPTION SHIRT,T-Shirt,148.0,298.0,50.0,0,sold_30d,4.307692307692307,13,True,True,True,Elegant Top,https://shopee.ph/product/1419144967/42253933715,https://down-ph.img.susercontent.com/file/sg-11134201-7rasa-matdf22hpjtc8d
Shopee,44402557773,HGHMNDS CLO. - COLOR ANIMATE SHIRT,T-Shirt,638.0,750.0,15.0,0,sold_30d,4.925,280,True,False,True,HGHMNDS ONLINE,https://shopee.ph/product/507737714/44402557773,https://down-ph.img.susercontent.com/file/ph-11134207-7rasd-macl6lbx8z1t3c
Shopee,22522968772,HGHMNDS CLO. - FROM TRENCHES,Other,620.0,750.0,17.0,0,sold_30d,4.914772727272728,880,True,False,True,HGHMNDS ONLINE,https://shopee.ph/product/507737714/22522968772,https://down-ph.img.susercontent.com/file/sg-11134201-23020-wt1v8tkmubnv46
Shopee,25592673318,HGHMNDS CLO. - GRAY RANGE SHORTS,Other,638.0,750.0,15.0,0,sold_30d,4.914893617021277,47,True,False,True,HGHMNDS ONLINE,https://shopee.ph/product/507737714/25592673318,https://down-ph.img.susercontent.com/file/ph-11134207-7rasa-m7c1ux5oa15h20
Shopee,22560829309,HGHMNDS CLO. - WIRE THERAPY,Other,600.0,750.0,20.0,0,sold_30d,4.913173652694611,334,True,False,True,HGHMNDS ONLINE,https://shopee.ph/product/507737714/22560829309,https://down-ph.img.susercontent.com/file/ph-11134207-7r98o-lo26xdi2e9i2e1
Shopee,11544031152,HGHMNDS CLO. - Daruma Shirt,T-Shirt,638.0,750.0,15.0,0,sold_30d,4.955847255369928,838,True,False,True,HGHMNDS ONLINE,https://shopee.ph/product/507737714/11544031152,https://down-ph.img.susercontent.com/file/b5c2440c6f873930e773776676b2cccc
Shopee,27083343194,HGHMNDS CLO. - SPICY JULIO SHIRT,T-Shirt,600.0,750.0,20.0,0,sold_30d,4.936395759717315,283,True,False,True,HGHMNDS ONLINE,https://shopee.ph/product/507737714/27083343194,https://down-ph.img.susercontent.com/file/ph-11134207-7rasf-m8k286bq4ks308
Shopee,10898814642,HGHMNDS CLO. - GLOBAL TOUR SHIRT,T-Shirt,638.0,750.0,15.0,0,sold_30d,4.940559440559441,286,True,False,True,HGHMNDS ONLINE,https://shopee.ph/product/507737714/10898814642,https://down-ph.img.susercontent.com/file/sg-11134201-22120-jqqpvavk77kvd8
Shopee,48512211341,HGHMNDS ONLINE - ARC LETTER BLACK,Other,723.0,850.0,15.0,0,sold_30d,5.0,13,True,False,True,HGHMNDS ONLINE,https://shopee.ph/product/507737714/48512211341,https://down-ph.img.susercontent.com/file/ph-11134207-820lb-mpg8shahf9qk51
Shopee,53062190927,HGHMNDS ONLINE - BITE BRIGADE,Other,680.0,800.0,15.0,0,sold_30d,5.0,3,True,False,True,HGHMNDS ONLINE,https://shopee.ph/product/507737714/53062190927,https://down-ph.img.susercontent.com/file/ph-11134207-820ld-mpg7qpj4mvbie8
Shopee,27092917472,HGHMNDS ONLINE - FLOURISH SHIRT,T-Shirt,600.0,750.0,20.0,0,sold_30d,4.941747572815534,103,True,False,True,HGHMNDS ONLINE,https://shopee.ph/product/507737714/27092917472,https://down-ph.img.susercontent.com/file/ph-11134207-81ztq-mftlip2zx98v46
Shopee,18995224845,HGHMNDS CLO. - 13TH MASK,Other,580.0,750.0,23.0,0,sold_30d,4.943310657596371,441,True,False,True,HGHMNDS ONLINE,https://shopee.ph/product/507737714/18995224845,https://down-ph.img.susercontent.com/file/ph-11134207-7r98r-lo26xdgejip51b
Shopee,54305833272,HGHMNDS ONLINE - COSMIC PROCESS TSHIRT-PRINT TEE-COTTON PRINT TEE,T-Shirt,390.0,628.0,38.0,0,sold_30d,4.636363636363637,11,True,False,True,sevenseven3,https://shopee.ph/product/1680571860/54305833272,https://down-ph.img.susercontent.com/file/sg-11134201-82602-mkbvvcia2eio90
Shopee,52258802097,HGHMNDS ONLINE - GATED (WHITE),Other,680.0,800.0,15.0,0,sold_30d,5.0,27,True,False,True,HGHMNDS ONLINE,https://shopee.ph/product/507737714/52258802097,https://down-ph.img.susercontent.com/file/ph-11134207-820l6-mn1bsq71eghu52
Shopee,54551699093,HGHMNDS CLO. - MAGICAL TOUCH,Other,638.0,750.0,15.0,0,sold_30d,4.978723404255319,94,True,False,True,HGHMNDS ONLINE,https://shopee.ph/product/507737714/54551699093,https://down-ph.img.susercontent.com/file/ph-11134207-81ztd-mh8pdg1335zc44
Shopee,25589056248,Oversize HGHMNDS Fashion Tee Street Clothing T-shirt Cotton Fabric Menswear Short Sleeve Crewneck,T-Shirt,248.0,399.0,38.0,0,sold_30d,4.470588235294118,34,True,True,True,EcoTee,https://shopee.ph/product/1403750793/25589056248,https://down-ph.img.susercontent.com/file/sg-11134201-7rfhj-m3c54xdnzdpj07
Shopee,51208796910,HGHMNDS ONLINE - IRON STALLION,Other,680.0,800.0,15.0,0,sold_30d,4.857142857142857,21,True,False,True,HGHMNDS ONLINE,https://shopee.ph/product/507737714/51208796910,https://down-ph.img.susercontent.com/file/ph-11134207-820lg-mn1b9qt69iiqe6
Shopee,20165655710,HGHMNDS ONLINE - WORD WAR SHIRT,T-Shirt,638.0,750.0,15.0,0,sold_30d,4.963746223564955,331,True,False,True,HGHMNDS ONLINE,https://shopee.ph/product/507737714/20165655710,https://down-ph.img.susercontent.com/file/sg-11134201-22110-7vdx7jdc1gkv1b
Shopee,57453781909,HGHMNDS Regular Fashion Tee Street Clothing T-shirt Cotton Fabric Menswear Short Sleeve Crewneck,T-Shirt,320.0,399.0,20.0,0,sold_30d,5.0,9,True,False,True,Isla Coco T-Shirts,https://shopee.ph/product/1684261656/57453781909,https://down-ph.img.susercontent.com/file/ph-11134207-820ld-moou629yr09980
Shopee,27657711855,MERCHBOX - HGHMNDS BALLER (Free Sticker),Other,225.0,225.0,0.0,0,sold_30d,4.830508474576271,59,True,True,True,MERCHBOX ONLINE SHOP,https://shopee.ph/product/229555330/27657711855,https://down-ph.img.susercontent.com/file/ph-11134207-81ztf-mhsr7mfzvax2dd
Shopee,15709054672,HGHMNDS ONLINE - ETERNAL BATTLE,Other,638.0,750.0,15.0,0,sold_30d,4.939655172413793,696,True,False,True,HGHMNDS ONLINE,https://shopee.ph/product/507737714/15709054672,https://down-ph.img.susercontent.com/file/ph-11134207-820lh-mq1qjjx6v40f22
Shopee,51607195990,HGHMNDS ONLINE - KALMADO ISLANDER,Other,680.0,800.0,15.0,0,sold_30d,4.95,60,True,False,True,HGHMNDS ONLINE,https://shopee.ph/product/507737714/51607195990,https://down-ph.img.susercontent.com/file/ph-11134207-81ztk-mlt11t9q2k1t05
Shopee,27640391212,HGHMNDS ONLINE - DECLINE SHIRT,T-Shirt,500.0,500.0,0.0,0,sold_30d,5.0,1,True,False,True,PLAIN TEE LAB,https://shopee.ph/product/1600638837/27640391212,https://down-ph.img.susercontent.com/file/sg-11134201-7rdxn-mdr2dz81f6tx8e
Shopee,21534441496,HGHMNDS CLO. - Peace Over All,Other,638.0,750.0,15.0,0,sold_30d,4.954976303317536,422,True,False,True,HGHMNDS ONLINE,https://shopee.ph/product/507737714/21534441496,https://down-ph.img.susercontent.com/file/ph-11134207-820lg-mq1owdspx3b403
Shopee,50203406878,Oversize HGHMNDS Regular Fashion Tee Street Clothing T-shirt Fabric Menswear Short Sleeve Crewneck,T-Shirt,250.0,320.0,22.0,0,sold_30d,4.428571428571429,49,True,False,True,My Young,https://shopee.ph/product/774169077/50203406878,https://down-ph.img.susercontent.com/file/ph-11134207-81ztc-miimfpdwtts4cf
Shopee,46158811620,HGHMNDS ONLINE - CROSSBEARER HOODIE,Hoodie/Sweatshirt,1700.0,2000.0,15.0,0,sold_30d,4.972222222222222,36,True,False,True,HGHMNDS ONLINE,https://shopee.ph/product/507737714/46158811620,https://down-ph.img.susercontent.com/file/ph-11134207-820lb-mn170v7ysetd83
Shopee,44280871442,HGHMNDS ONLINE - LIFE RIDER SHIRT,T-Shirt,680.0,800.0,15.0,0,sold_30d,5.0,17,True,False,True,HGHMNDS ONLINE,https://shopee.ph/product/507737714/44280871442,https://down-ph.img.susercontent.com/file/ph-11134207-820lf-mo80ns42yo08a1
Shopee,29814825934,HGHMNDS CLO. - Declaration Longsleeves,Longsleeves,765.0,900.0,15.0,0,sold_30d,4.922619047619047,168,True,False,True,HGHMNDS ONLINE,https://shopee.ph/product/507737714/29814825934,https://down-ph.img.susercontent.com/file/ph-11134207-7rasd-m1nmp34cn4qmc0
Shopee,27394022487,MERCHBOX - HGHMNDS STICKER PACK,Other,125.0,125.0,0.0,0,sold_30d,4.9,10,True,True,True,MERCHBOX ONLINE SHOP,https://shopee.ph/product/229555330/27394022487,https://down-ph.img.susercontent.com/file/ph-11134207-81ztm-mjdqka4nu138a1
Shopee,28669196719,HGHMNDS ONLINE - HIGHLY DECORATED SHIRT,T-Shirt,600.0,750.0,20.0,0,sold_30d,4.943333333333333,300,True,False,True,HGHMNDS ONLINE,https://shopee.ph/product/507737714/28669196719,https://down-ph.img.susercontent.com/file/ph-11134207-7rasj-m36a2x3rhnlw44
Shopee,12498212301,HGHMNDS CLO. - Nations Shirt,T-Shirt,550.0,700.0,21.0,0,sold_30d,4.91542288557214,402,True,False,True,HGHMNDS ONLINE,https://shopee.ph/product/507737714/12498212301,https://down-ph.img.susercontent.com/file/sg-11134201-23020-ethpduyqsbnv77
Shopee,46457246061,HGHMNDS ONLINE - CROSS COLORED SHIRT,T-Shirt,680.0,800.0,15.0,0,sold_30d,4.845070422535211,71,True,False,True,HGHMNDS ONLINE,https://shopee.ph/product/507737714/46457246061,https://down-ph.img.susercontent.com/file/ph-11134207-81ztc-mlu165nm54i0c5
Shopee,28657868719,HGHMNDS CLO. - Gothic Signals,Other,620.0,750.0,17.0,0,sold_30d,4.931506849315069,146,True,False,True,HGHMNDS ONLINE,https://shopee.ph/product/507737714/28657868719,https://down-ph.img.susercontent.com/file/ph-11134207-820l9-mq1rqzd2qaz2f7
Shopee,29450378649,HGHMNDS ONLINE - SUN EYE SHIRT,T-Shirt,620.0,750.0,17.0,0,sold_30d,4.949152542372881,236,True,False,True,HGHMNDS ONLINE,https://shopee.ph/product/507737714/29450378649,https://down-ph.img.susercontent.com/file/ph-11134207-7r98o-lvhp28etf6j56e
Shopee,27252880608,HGHMNDS ONLINE - SPELL CAST SHIRT,T-Shirt,620.0,750.0,17.0,0,sold_30d,4.940809968847352,321,True,False,True,HGHMNDS ONLINE,https://shopee.ph/product/507737714/27252880608,https://down-ph.img.susercontent.com/file/ph-11134207-7r98p-lwiijok1y5msff
Shopee,43276708752,SARB HGHMNDS CLO. - STEEL WORKS COD,T-Shirt,175.0,500.0,65.0,0,sold_30d,,0,False,True,True,Maynila Tees,https://shopee.ph/product/1600463437/43276708752,https://down-ph.img.susercontent.com/file/sg-11134201-8226k-mheojabfzd3d4b
Shopee,40376573884,HGHMNDS CLO - THUNDERSTRUCK COLORED,Other,600.0,850.0,29.0,0,sold_30d,4.886363636363637,44,True,False,True,HGHMNDS ONLINE,https://shopee.ph/product/507737714/40376573884,https://down-ph.img.susercontent.com/file/ph-11134207-81ztq-mh8yolrbeplaa8
Shopee,42952207911,(COD) HGHMNDS ONLINE-MAGICAL TRAIL SHIRT -NATURAL GROWTH,T-Shirt,148.0,298.0,50.0,0,sold_30d,5.0,1,True,True,True,ElegantFashion,https://shopee.ph/product/1419175985/42952207911,https://down-ph.img.susercontent.com/file/sg-11134201-7ratx-ma8a551fg0xe57
Shopee,24119057696,HGHMNDS CLO. - AQUA LUNG,Other,638.0,750.0,15.0,0,sold_30d,4.945812807881773,203,True,False,True,HGHMNDS ONLINE,https://shopee.ph/product/507737714/24119057696,https://down-ph.img.susercontent.com/file/ph-11134207-7r98r-lsv7db0ewo5g8f
Shopee,56454669045,HGHMNDS ONLINE - IMAGINE SUNGLASSES,Other,1020.0,1200.0,15.0,0,sold_30d,4.533333333333333,15,True,False,True,HGHMNDS ONLINE,https://shopee.ph/product/507737714/56454669045,https://down-ph.img.susercontent.com/file/ph-11134207-81ztl-mjh8tjk6e22qc2
Shopee,23518694149,HGHMNDS CLO. - Archetype Black Shirt,T-Shirt,620.0,750.0,17.0,0,sold_30d,4.904191616766467,167,True,False,True,HGHMNDS ONLINE,https://shopee.ph/product/507737714/23518694149,https://down-ph.img.susercontent.com/file/sg-11134201-23010-griy1h6u1amv61
Shopee,47003429080,HGHMNDS ONLINE - STRIDER SOCKS,Other,298.0,350.0,15.0,0,sold_30d,4.973451327433628,113,True,False,True,HGHMNDS ONLINE,https://shopee.ph/product/507737714/47003429080,https://down-ph.img.susercontent.com/file/ph-11134207-81ztf-mii7gyc503r4a7
Shopee,23631852279,HGHMNDS ONLINE - VOLUME RISE SHIRT,T-Shirt,638.0,750.0,15.0,0,sold_30d,4.937618147448015,529,True,False,True,HGHMNDS ONLINE,https://shopee.ph/product/507737714/23631852279,https://down-ph.img.susercontent.com/file/ph-11134201-23030-vuhyvvwl4movd2
Shopee,57353073113,HGHMNDS ONLINE - HARDWIRED SHRIT,Other,635.0,750.0,15.0,0,sold_30d,4.932038834951456,103,True,False,True,HGHMNDS ONLINE,https://shopee.ph/product/507737714/57353073113,https://down-ph.img.susercontent.com/file/ph-11134207-81ztp-mi8u0p6xnp533d
Shopee,21154816516,HGHMNDS CLO. - Prestige,Other,590.0,750.0,21.0,0,sold_30d,4.941309255079007,443,True,False,True,HGHMNDS ONLINE,https://shopee.ph/product/507737714/21154816516,https://down-ph.img.susercontent.com/file/sg-11134201-22100-5z5ka2ywunivc8
Shopee,27635344260,HGHMNDS ONLINE - SURF TURF SHIRT,T-Shirt,590.0,750.0,21.0,0,sold_30d,4.924092409240924,303,True,False,True,HGHMNDS ONLINE,https://shopee.ph/product/507737714/27635344260,https://down-ph.img.susercontent.com/file/ph-11134207-7rasc-m97b4rbsvu6l38
Shopee,24447125326,【COD】 HGHMNDS ONLINE - SOUL SCALE SHIRT,T-Shirt,284.0,400.0,29.0,0,sold_30d,,0,False,False,True,Super clothing,https://shopee.ph/product/1536687691/24447125326,https://down-ph.img.susercontent.com/file/sg-11134201-824ha-menpz7hwjdoma7
Shopee,17093529659,HGHMNDS CLO. - HARD DAYS,Other,600.0,750.0,20.0,0,sold_30d,4.912735849056604,424,True,False,True,HGHMNDS ONLINE,https://shopee.ph/product/507737714/17093529659,https://down-ph.img.susercontent.com/file/ph-11134201-23030-pxupp7e20mov18
Shopee,45356229053,HGHMNDS ONLINE - DEFENDER SHIRT,T-Shirt,600.0,800.0,25.0,0,sold_30d,4.848484848484849,33,True,False,True,HGHMNDS ONLINE,https://shopee.ph/product/507737714/45356229053,https://down-ph.img.susercontent.com/file/ph-11134207-81ztg-mkpmo5po7u2v31
Shopee,27620161839,HGHMNDS CLO. - SUMMIT,Other,638.0,750.0,15.0,0,sold_30d,4.956310679611651,206,True,False,True,HGHMNDS ONLINE,https://shopee.ph/product/507737714/27620161839,https://down-ph.img.susercontent.com/file/ph-11134207-7rasl-m3kkqmsz4isv8e
Shopee,29062727096,HGHMNDS CLO. - LINEATION,Other,638.0,750.0,15.0,0,sold_30d,4.941176470588236,102,True,False,True,HGHMNDS ONLINE,https://shopee.ph/product/507737714/29062727096,https://down-ph.img.susercontent.com/file/ph-11134207-7rasf-m0r8t748ja7i0e
Shopee,11393279606,HGHMNDS CLO. - Grenades Shirt,T-Shirt,638.0,750.0,15.0,0,sold_30d,4.954198473282442,917,True,False,True,HGHMNDS ONLINE,https://shopee.ph/product/507737714/11393279606,https://down-ph.img.susercontent.com/file/0e592357b95d06cc7a626117f4151ad4
Shopee,53400381737,HGHMNDS ONLINE - SILENT SCREAM SHIRT,T-Shirt,580.0,750.0,23.0,0,sold_30d,4.956043956043956,91,True,False,True,HGHMNDS ONLINE,https://shopee.ph/product/507737714/53400381737,https://down-ph.img.susercontent.com/file/ph-11134207-81ztk-mgf1zuctrbij73
Shopee,29907868871,HGHMNDS CLO. - Voltar,Other,620.0,750.0,17.0,0,sold_30d,4.982758620689655,116,True,False,True,HGHMNDS ONLINE,https://shopee.ph/product/507737714/29907868871,https://down-ph.img.susercontent.com/file/ph-11134207-7r98y-lyxiu4u2nkzie0
Shopee,45555862085,HGHMNDS ONLINE - COSMIC PROCESS TSHIRT-PRINT TEE-COTTON PRINT TEE,T-Shirt,390.0,628.0,38.0,0,sold_30d,,0,False,False,True,sevenseven2,https://shopee.ph/product/1680567980/45555862085,https://down-ph.img.susercontent.com/file/sg-11134201-8261d-mkbvvcph2io345
Shopee,55359605407,HGHMNDS x FLIPTOP - Kinse Shirt,T-Shirt,765.0,900.0,15.0,0,sold_30d,5.0,25,True,False,True,HGHMNDS ONLINE,https://shopee.ph/product/507737714/55359605407,https://down-ph.img.susercontent.com/file/ph-11134207-820l9-mnkwwg9qtdl283
Shopee,51758796866,HGHMNDS ONLINE - SWORD KEY,Other,680.0,800.0,15.0,0,sold_30d,5.0,15,True,False,True,HGHMNDS ONLINE,https://shopee.ph/product/507737714/51758796866,https://down-ph.img.susercontent.com/file/ph-11134207-820l7-mn1b5me9m48yce
Shopee,42474099816,HGHMNDS ONLINE - EYE OPENER SHIRT,T-Shirt,620.0,750.0,17.0,0,sold_30d,4.9625,80,True,False,True,HGHMNDS ONLINE,https://shopee.ph/product/507737714/42474099816,https://down-ph.img.susercontent.com/file/ph-11134207-81ztl-mftlr5qae2vj15
Shopee,28617604143,HGHMNDS CLO. - PAIN PREDICTION,Other,750.0,900.0,17.0,0,sold_30d,4.936708860759493,158,True,False,True,HGHMNDS ONLINE,https://shopee.ph/product/507737714/28617604143,https://down-ph.img.susercontent.com/file/ph-11134207-7rash-m2ktkzvjux9u16
Shopee,43153530684,HGHMNDS ONLINE -WAVE WANDERER SHIRT -DRIVES DIVES SHIRT,T-Shirt,148.0,298.0,50.0,0,sold_30d,4.555555555555555,18,True,True,True,ElegantFashion,https://shopee.ph/product/1419175985/43153530684,https://down-ph.img.susercontent.com/file/sg-11134201-7rasx-map99dkoqs9cd8
Shopee,26591125406,HGHMNDS ONLINE - NO HEAVEN SHIRT,T-Shirt,299.0,299.0,0.0,0,sold_30d,4.75,4,True,False,True,CIPHERFURY,https://shopee.ph/product/1615809426/26591125406,https://down-ph.img.susercontent.com/file/sg-11134201-824hf-me8ndcap9p1d91
Shopee,22831905944,HGHMNDS CLO. - Gothic Guard Shirt Black,T-Shirt,600.0,750.0,20.0,0,sold_30d,4.922558922558922,297,True,False,True,HGHMNDS ONLINE,https://shopee.ph/product/507737714/22831905944,https://down-ph.img.susercontent.com/file/ph-11134201-23030-4kfcom7acnove0
Lazada,15524837512,HGHMNDS ONLINE - ARC LETTER BLACK,Other,850.0,,,6,sold_lifetime,,1,True,False,True,,https://www.lazada.com.ph/products/pdp-i15524837512.html,https://img.lazcdn.com/g/p/379a84e2ce345298c7d7ed173bdd1309.jpg_200x200q80.jpg
Lazada,15524923073,HGHMNDS ONLINE - MANTIS SHADES,Other,1450.0,,,0,sold_lifetime,,0,False,False,True,,https://www.lazada.com.ph/products/pdp-i15524923073.html,https://img.lazcdn.com/g/p/dc8f092e4233daf50c23f23acd1c568f.jpg_200x200q80.jpg
Lazada,4396874026,HGHMNDS - COVERT SHADES,Other,1000.0,,,145,sold_lifetime,,59,True,False,True,,https://www.lazada.com.ph/products/pdp-i4396874026.html,https://img.lazcdn.com/g/p/95c0f83a2087adc98bd9eb2247469c1a.jpg_200x200q80.jpg
Lazada,4774521665,HGHMNDS CLO. - COLD CRYPT,Other,900.0,,,83,sold_lifetime,,41,True,False,True,,https://www.lazada.com.ph/products/pdp-i4774521665.html,https://img.lazcdn.com/g/p/c78040182bee59507410ff28e1e1cdf3.jpg_200x200q80.jpg
Lazada,15524665204,HGHMNDS ONLINE - NIGHT WATCH,Other,800.0,,,0,sold_lifetime,,1,True,False,True,,https://www.lazada.com.ph/products/pdp-i15524665204.html,https://img.lazcdn.com/g/p/ed0d79569843398f6f66e4a15df6c554.jpg_200x200q80.jpg
Lazada,4325923439,HGHMNDS- Soul Scale,Other,750.0,,,424,sold_lifetime,,160,True,False,True,,https://www.lazada.com.ph/products/pdp-i4325923439.html,https://img.lazcdn.com/g/p/9f0bf3b010be55133d6779ebb57b08a0.jpg_200x200q80.jpg
Lazada,2561503273,HGHMNDS - ETERNAL BATTLE,Other,750.0,,,1800,sold_lifetime,,422,True,False,True,,https://www.lazada.com.ph/products/pdp-i2561503273.html,https://img.lazcdn.com/g/p/95a16011d4d1d385b98184d87c23eb63.jpg_200x200q80.jpg
Lazada,2156666538,HGHMNDS - DIAGRAM,Other,750.0,,,5000,sold_lifetime,,1184,True,False,True,,https://www.lazada.com.ph/products/pdp-i2156666538.html,https://img.lazcdn.com/g/p/38ce981e51884526142a8c47026f2110.jpg_200x200q80.jpg
Lazada,15525044821,HGHMNDS CLO. - BARBED HORIZON RIDING JERSEY,Jersey,1200.0,,,0,sold_lifetime,,0,False,False,True,,https://www.lazada.com.ph/products/pdp-i15525044821.html,https://img.lazcdn.com/g/p/14095bf6498cc04cc6339a3516879cde.jpg_200x200q80.jpg
Lazada,15524891327,HGHMNDS ONLINE - ARC LETTER WHITE,Other,850.0,,,0,sold_lifetime,,2,True,False,True,,https://www.lazada.com.ph/products/pdp-i15524891327.html,https://img.lazcdn.com/g/p/75e7396976dead3e46b4966dc3c52b32.jpg_200x200q80.jpg
Lazada,3495077605,HGHMNDS - HEART MOLD,Other,750.0,,,1200,sold_lifetime,,329,True,False,True,,https://www.lazada.com.ph/products/pdp-i3495077605.html,https://img.lazcdn.com/g/p/b4f3b3d68d87625611636d0c2803778c.png_200x200q80.png
Lazada,15524647186,HGHMNDS CLO - LINEAR CHARGE JERSEY,Jersey,1000.0,,,0,sold_lifetime,,1,True,False,True,,https://www.lazada.com.ph/products/pdp-i15524647186.html,https://img.lazcdn.com/g/p/72d7686134944ce7c32b4f1cf0295dc0.jpg_200x200q80.jpg
Lazada,15524675002,HGHMNDS ONLINE - BITE BRIGADE,Other,800.0,,,0,sold_lifetime,,1,True,False,True,,https://www.lazada.com.ph/products/pdp-i15524675002.html,https://img.lazcdn.com/g/p/7c24bfa68c57c3f368c3f12bbc81a167.jpg_200x200q80.jpg
Lazada,1331266671,HGHMNDS - THE COSMIC PROCESS,Other,750.0,,,5800,sold_lifetime,,1841,True,False,True,,https://www.lazada.com.ph/products/pdp-i1331266671.html,https://img.lazcdn.com/g/p/4901f7de3fd2dd68c240b94428f61061.png_200x200q80.png
Lazada,4645366031,HGHMNDS CLO. - Razor Road Bag,Accessories,700.0,,,80,sold_lifetime,,37,True,False,True,,https://www.lazada.com.ph/products/pdp-i4645366031.html,https://img.lazcdn.com/g/p/1185a86d646da80c7498182ff3575690.jpg_200x200q80.jpg
Lazada,4583403894,HGHMNDS CLO. - Declaration Longsleeves,Longsleeves,900.0,,,191,sold_lifetime,,69,True,False,True,,https://www.lazada.com.ph/products/pdp-i4583403894.html,https://img.lazcdn.com/g/p/043eed37db767c1a54dc94017b98ff6f.jpg_200x200q80.jpg
Lazada,15524887349,HGHMNDS ONLINE - VANITY PLATE HOODIE,Hoodie/Sweatshirt,2000.0,,,5,sold_lifetime,,1,True,False,True,,https://www.lazada.com.ph/products/pdp-i15524887349.html,https://img.lazcdn.com/g/p/804339b250e2dd595f645c50b926378c.jpg_200x200q80.jpg
Lazada,4983270395,HGHMNDS CLO. - TACTICAL RUST,Other,850.0,,,109,sold_lifetime,,46,True,False,True,,https://www.lazada.com.ph/products/pdp-i4983270395.html,https://img.lazcdn.com/g/p/5bc937a581998b59fe512b9b1a9e82bf.jpg_200x200q80.jpg
Lazada,3378007011,HGHMNDS - MANIFEST,Other,750.0,,,1500,sold_lifetime,,459,True,False,True,,https://www.lazada.com.ph/products/pdp-i3378007011.html,https://img.lazcdn.com/g/p/8fc71389a87149c153ad85b07f814b24.png_200x200q80.png
Lazada,4645240531,HGHMNDS CLO. - Nightwalker Coin Purse,Accessories,250.0,,,480,sold_lifetime,,225,True,False,True,,https://www.lazada.com.ph/products/pdp-i4645240531.html,https://img.lazcdn.com/g/p/e91dc274f8d2750c83e94475733d64ed.jpg_200x200q80.jpg
Lazada,15524643274,HGHMNDS CLO. - POP LORE RIDING JERSEY,Jersey,1200.0,,,0,sold_lifetime,,3,True,False,True,,https://www.lazada.com.ph/products/pdp-i15524643274.html,https://img.lazcdn.com/g/p/28867f5e4419743ec5fb4a402521fa7c.jpg_200x200q80.jpg
Lazada,4906414437,HGHMNDS CLO. - Nostalgic Shirt,T-Shirt,750.0,,,118,sold_lifetime,,55,True,False,True,,https://www.lazada.com.ph/products/pdp-i4906414437.html,https://img.lazcdn.com/g/p/2fc099d22cc268ce1bba78a41c959ed2.jpg_200x200q80.jpg
Lazada,15524615568,HGHMNDS CLO. - GRIDLOCK RIDING JERSEY,Jersey,1200.0,,,0,sold_lifetime,,0,False,False,True,,https://www.lazada.com.ph/products/pdp-i15524615568.html,https://img.lazcdn.com/g/p/e2e91cd8c400777b6f070d02fd74e688.jpg_200x200q80.jpg
Lazada,4774664148,HGHMNDS CLO. - MAGNIFIED ZOMBIE,Other,750.0,,,81,sold_lifetime,,35,True,False,True,,https://www.lazada.com.ph/products/pdp-i4774664148.html,https://img.lazcdn.com/g/p/8e15bee8fdf4e77dc5a5746e7b092ee8.jpg_200x200q80.jpg
Lazada,15525148032,HGHMNDS ONLINE - SILENT SORCERER,Other,800.0,,,6,sold_lifetime,,5,True,False,True,,https://www.lazada.com.ph/products/pdp-i15525148032.html,https://img.lazcdn.com/g/p/550ccbde549a1f2ba7f21826abb037a2.jpg_200x200q80.jpg
Lazada,3212331835,HGHMNDS - PERCEPTION,Other,750.0,,,2200,sold_lifetime,,512,True,False,True,,https://www.lazada.com.ph/products/pdp-i3212331835.html,https://img.lazcdn.com/g/p/dc1b37c5a6dd474a2fb5dcfbb993fd7d.png_200x200q80.png
Lazada,331096584,AURORA - HGHMNDS,Other,750.0,,,6400,sold_lifetime,,1964,True,False,True,,https://www.lazada.com.ph/products/pdp-i331096584.html,https://img.lazcdn.com/g/p/2cd769029ff0a5fa2d67d55848e829c9.jpg_200x200q80.jpg
Lazada,5017161050,HGHMNDS CLO. - SNOW SHIRT,T-Shirt,400.0,,,344,sold_lifetime,,135,True,False,True,,https://www.lazada.com.ph/products/pdp-i5017161050.html,https://img.lazcdn.com/g/p/596188e0142b9aeb890f8ea7a780140c.jpg_200x200q80.jpg
Lazada,3495029763,HGHMNDS - MIXTAPE SYNDROME,Other,750.0,,,1800,sold_lifetime,,512,True,False,True,,https://www.lazada.com.ph/products/pdp-i3495029763.html,https://img.lazcdn.com/g/p/488d85e911dc75753c570577f3cf8bd4.png_200x200q80.png
Lazada,4406918708,HGHMNDS - FORGET NOT,Other,750.0,,,411,sold_lifetime,,167,True,False,True,,https://www.lazada.com.ph/products/pdp-i4406918708.html,https://img.lazcdn.com/g/p/3f85f2a4a1d2f705e055b97d88dd6cff.jpg_200x200q80.jpg
Lazada,4645174767,HGHMNDS CLO. - Jinx Proof Coin Purse,Accessories,300.0,,,527,sold_lifetime,,226,True,False,True,,https://www.lazada.com.ph/products/pdp-i4645174767.html,https://img.lazcdn.com/g/p/573e890867a14cecffba7e7badb259c7.jpg_200x200q80.jpg
Lazada,15525280790,HGHMNDS ONLINE - MIRROR TRACK,Other,850.0,,,0,sold_lifetime,,0,False,False,True,,https://www.lazada.com.ph/products/pdp-i15525280790.html,https://img.lazcdn.com/g/p/730dee609a6e2f28e56fe72937f6b257.jpg_200x200q80.jpg
Lazada,15524629592,HGHMNDS ONLINE - BRANDALISM BLACK,Other,800.0,,,5,sold_lifetime,5.0,2,True,False,True,,https://www.lazada.com.ph/products/pdp-i15524629592.html,https://img.lazcdn.com/g/p/3cb2d17611f8cb5a4fb2e8e44c0d3892.jpg_200x200q80.jpg
Lazada,15525086494,HGHMNDS ONLINE - MOTH LITE,Other,800.0,,,0,sold_lifetime,5.0,1,True,False,True,,https://www.lazada.com.ph/products/pdp-i15525086494.html,https://img.lazcdn.com/g/p/6dcc6e36eb46622f85dc2d7855757106.jpg_200x200q80.jpg
Lazada,5135097284,HGHMNDS CLO. - Seek Clarity Shirt,T-Shirt,750.0,,,49,sold_lifetime,5.0,17,True,False,True,,https://www.lazada.com.ph/products/pdp-i5135097284.html,https://img.lazcdn.com/g/p/41201b826a51bbbc082df847bbb3f6fe.jpg_200x200q80.jpg
Lazada,15525376073,HGHMNDS CLO. - NAME FROST NECKLACE,Accessories,2000.0,,,0,sold_lifetime,,0,False,False,True,,https://www.lazada.com.ph/products/pdp-i15525376073.html,https://img.lazcdn.com/g/p/d5981b0f8ea7b4a9a75cd157fe44ecf1.jpg_200x200q80.jpg
Lazada,3134874109,HGHMNDS - PRICE CHECK,Other,750.0,,,731,sold_lifetime,5.0,211,True,False,True,,https://www.lazada.com.ph/products/pdp-i3134874109.html,https://img.lazcdn.com/g/p/c74e41c1539ce5f83b7713100b0a15af.png_200x200q80.png
Lazada,15524869400,HGHMNDS CLO. - WAVY STREAM PANTS,Other,1500.0,,,0,sold_lifetime,,0,False,False,True,,https://www.lazada.com.ph/products/pdp-i15524869400.html,https://img.lazcdn.com/g/p/9795b37855403ff167364a5830f1c151.jpg_200x200q80.jpg
Lazada,334132243,SURFER - HGHMNDS,Other,750.0,,,3900,sold_lifetime,5.0,1048,True,False,True,,https://www.lazada.com.ph/products/pdp-i334132243.html,https://img.lazcdn.com/g/p/667ff9aead80f0d4ed57b6b67fc74a28.jpg_200x200q80.jpg
Lazada,1492714459,HGHMNDS ONLINE - FREEDOM T-SHIRT,T-Shirt,750.0,,,3900,sold_lifetime,4.9,1227,True,False,True,,https://www.lazada.com.ph/products/pdp-i1492714459.html,https://img.lazcdn.com/g/p/21ca9f6269bd4ef7eaecf6a793756484.jpg_200x200q80.jpg
Lazada,4876877463,LEGIT HIGHMINDS CLOTHING “Own The Throne Collection”,Other,199.0,5050.0,96.1,0,sold_lifetime,,0,False,True,True,,https://www.lazada.com.ph/products/pdp-i4876877463.html,https://img.lazcdn.com/g/p/2c0f4da7771934d8a4d2f6939914925a.jpg_200x200q80.jpg
Lazada,15440917621,₪LEGIT HIGHMINDS CLOTHING .2026,Other,199.0,6666.0,97.0,7,sold_lifetime,,0,False,True,True,,https://www.lazada.com.ph/products/pdp-i15440917621.html,https://img.lazcdn.com/g/p/64ec9ffb03bd1fd3f02ff5688ad1cfd0.jpg_200x200q80.jpg
Lazada,2345368724,HIGH MINDS Logo Shirt,T-Shirt,100.0,,,8,sold_lifetime,,0,False,True,True,,https://www.lazada.com.ph/products/pdp-i2345368724.html,https://img.lazcdn.com/g/p/49ea4738553958394425aa1ef4082ffb.jpg_200x200q80.jpg
Lazada,4488300362,"Nick Automatic x Highminds ""Ancient Serpent"" Black Official Collab T-Shirt",T-Shirt,207.0,4848.0,95.7,0,sold_lifetime,5.0,1,True,True,True,,https://www.lazada.com.ph/products/pdp-i4488300362.html,https://img.lazcdn.com/g/p/427a47029e1cff4da23ee472debb0746.jpg_200x200q80.jpg
Lazada,4940598650,HGHMNDS ONLINE - FROM TRENCHES SHIRT(BLACK) Cotton Tshirt For man and females,T-Shirt,185.0,3838.0,95.2,0,sold_lifetime,1.0,1,True,True,True,,https://www.lazada.com.ph/products/pdp-i4940598650.html,https://img.lazcdn.com/g/p/1a8235d6e391e3c0242f7ef759d5fa56.jpg_200x200q80.jpg
Lazada,5312440804,HGHMNDS ONLINE - OLIVE ASSAULT SHORTS,Other,319.99,,,19,sold_lifetime,5.0,3,True,False,True,,https://www.lazada.com.ph/products/pdp-i5312440804.html,https://img.lazcdn.com/g/p/8f971d6456d44068976cffecb14dcea2.jpg_200x200q80.jpg
Lazada,5145795227,HGHMNDS CLO. - Daruma Shirt .2025,T-Shirt,199.0,7373.0,97.3,0,sold_lifetime,1.0,1,True,True,True,,https://www.lazada.com.ph/products/pdp-i5145795227.html,https://img.lazcdn.com/g/p/b5c2440c6f873930e773776676b2cccc.jpg_200x200q80.jpg
Lazada,4667781111,HGHMNDS CLO. Logo Alliance Shirt Medisina,T-Shirt,207.0,7777.0,97.3,5,sold_lifetime,5.0,2,True,True,True,,https://www.lazada.com.ph/products/pdp-i4667781111.html,https://img.lazcdn.com/g/p/bed1af6637b143786298502aac12d785.jpg_200x200q80.jpg
Lazada,15497588547,HGHMNDS ONLINE - SKETCHUP TANKTOP,Tanktop,800.0,,,7,sold_lifetime,,0,False,False,True,,https://www.lazada.com.ph/products/pdp-i15497588547.html,https://img.lazcdn.com/g/p/0e5f8c9bdcd9840ae35bbd9c5433a3e4.jpg_200x200q80.jpg
Lazada,5392826165,HGHMNDS CLO. - DEFENDER QUEEN,Other,199.0,6767.0,97.1,0,sold_lifetime,,0,False,True,True,,https://www.lazada.com.ph/products/pdp-i5392826165.html,https://img.lazcdn.com/g/p/bbafcb44277f73ad04eb87fa4dea44ab.jpg_200x200q80.jpg
Lazada,4638438825,HGHMNDS CLO. - ITALIC GREEN,Other,207.0,7474.0,97.2,10,sold_lifetime,,0,False,True,True,,https://www.lazada.com.ph/products/pdp-i4638438825.html,https://img.lazcdn.com/g/p/2afe97b84fc09726ffa72181f3f20c5d.jpg_200x200q80.jpg
Lazada,3495073558,HGHMNDS - THANKFUL DAILY,Other,750.0,,,601,sold_lifetime,5.0,140,True,False,True,,https://www.lazada.com.ph/products/pdp-i3495073558.html,https://img.lazcdn.com/g/p/8a19b7ab10fdabad1018276498edb2bd.png_200x200q80.png
Lazada,4225930903,HGHMNDS -13TH MASK,Other,750.0,,,531,sold_lifetime,5.0,242,True,False,True,,https://www.lazada.com.ph/products/pdp-i4225930903.html,https://img.lazcdn.com/g/p/5a1a6e80a901fe53f019cf56bf705b45.jpg_200x200q80.jpg
Lazada,4583284428,HGHMNDS CLO. - Burn Rubber,Other,750.0,,,116,sold_lifetime,5.0,42,True,False,True,,https://www.lazada.com.ph/products/pdp-i4583284428.html,https://img.lazcdn.com/g/p/40d0deaab3ade9fdb0a7d99230b1aee3.jpg_200x200q80.jpg
Lazada,15538722101,HGHMNDS CLO. - PALAG,Other,488.0,,,0,sold_lifetime,,0,False,False,True,,https://www.lazada.com.ph/products/pdp-i15538722101.html,https://img.lazcdn.com/g/p/a554453955ebbb4a59806a627af2b3fd.jpg_200x200q80.jpg
Lazada,15536557630,HGHMNDS CLO. - CHESTPIECE LOGO SHIRT WHITE,T-Shirt,500.0,,,0,sold_lifetime,,0,False,False,True,,https://www.lazada.com.ph/products/pdp-i15536557630.html,https://img.lazcdn.com/g/p/cea574926842c19e95ebfae84db876da.jpg_200x200q80.jpg
Lazada,15416536849,（COD）HGHMNDS - DECLINE SHIRT-PRINT TEE-PURE COTTON TEE-high quality fabric and print-pure cotton t shirt-403,T-Shirt,364.24,4242.0,91.4,12,sold_lifetime,5.0,4,True,True,True,,https://www.lazada.com.ph/products/pdp-i15416536849.html,https://img.lazcdn.com/g/p/7a28a40dc35752aa307e1511dd62bc83.jpg_200x200q80.jpg
Lazada,5407838159,HGHMNDS ONLINE - EX STATIC JERSEY,Jersey,339.99,,,8,sold_lifetime,,0,False,False,True,,https://www.lazada.com.ph/products/pdp-i5407838159.html,https://img.lazcdn.com/g/p/3a6784c5c6aa8cd9db6d0258b52e86f4.jpg_200x200q80.jpg
Lazada,4906365552,HGHMNDS CLO. - Victory Emblems Longsleeves,Longsleeves,900.0,,,42,sold_lifetime,4.8,16,True,False,True,,https://www.lazada.com.ph/products/pdp-i4906365552.html,https://img.lazcdn.com/g/p/dc1bf14b26ae6e906a3341823443d748.jpg_200x200q80.jpg
Lazada,15525332435,HGHMNDS CLO. - EVOLUTION LONGSLEEVES,Longsleeves,1000.0,,,0,sold_lifetime,,0,False,False,True,,https://www.lazada.com.ph/products/pdp-i15525332435.html,https://img.lazcdn.com/g/p/9ded1df36045f52cc1d6755c4b588ca3.jpg_200x200q80.jpg
Lazada,15538578818,HGHMNDS CLO. - Hard Days Shirt,T-Shirt,469.0,,,0,sold_lifetime,,0,False,False,True,,https://www.lazada.com.ph/products/pdp-i15538578818.html,https://img.lazcdn.com/g/p/54ba5121ef661fb76cb5ac63e5ce613a.jpg_200x200q80.jpg
Lazada,15538211737,HGHMNDS CLO. - Grenades Shirt,T-Shirt,479.0,,,0,sold_lifetime,,0,False,False,True,,https://www.lazada.com.ph/products/pdp-i15538211737.html,https://img.lazcdn.com/g/p/0e592357b95d06cc7a626117f4151ad4.jpg_200x200q80.jpg
Lazada,5268241607,HGHMNDS ONLINE - HEART LOCATOR SHIRT,T-Shirt,750.0,,,52,sold_lifetime,5.0,23,True,False,True,,https://www.lazada.com.ph/products/pdp-i5268241607.html,https://img.lazcdn.com/g/p/d7bc564bf8347c036fd43f261fa6a5b6.jpg_200x200q80.jpg
Lazada,3279686200,HGHMNDS - PEACE OVER ALL,Other,750.0,,,1000,sold_lifetime,4.9,265,True,False,True,,https://www.lazada.com.ph/products/pdp-i3279686200.html,https://img.lazcdn.com/g/p/27e14adb2b9db94f7592a1c01d32c465.jpg_200x200q80.jpg
Lazada,5347103441,HGHMNDS ONLINE - STREET RAISED HOODIE,Hoodie/Sweatshirt,1800.0,,,21,sold_lifetime,5.0,10,True,False,True,,https://www.lazada.com.ph/products/pdp-i5347103441.html,https://img.lazcdn.com/g/p/ca82a17606ca9013a47fc736277e5a11.jpg_200x200q80.jpg
Lazada,3327978007,HGHMNDS - MILLIONS,Other,750.0,,,1300,sold_lifetime,5.0,370,True,False,True,,https://www.lazada.com.ph/products/pdp-i3327978007.html,https://img.lazcdn.com/g/p/9fe7641688a9d5c2d89026693901d315.jpg_200x200q80.jpg
Lazada,15482826980,HGHMNDS ONLINE - FUTURISTIC SHIRT,T-Shirt,850.0,,,6,sold_lifetime,5.0,3,True,False,True,,https://www.lazada.com.ph/products/pdp-i15482826980.html,https://img.lazcdn.com/g/p/5d8dfd9c357902015b182a2577f35e51.jpg_200x200q80.jpg
Lazada,15524869448,HGHMNDS ONLINE - ARC LETTER GRAY,Other,850.0,,,0,sold_lifetime,,0,False,False,True,,https://www.lazada.com.ph/products/pdp-i15524869448.html,https://img.lazcdn.com/g/p/e03c74a0c466fc51b8791a71abeee26a.jpg_200x200q80.jpg
Lazada,5317558574,HGHMNDS CLO - THUNDERSTRUCK COLORED,Other,850.0,,,16,sold_lifetime,,5,True,False,True,,https://www.lazada.com.ph/products/pdp-i5317558574.html,https://img.lazcdn.com/g/p/aeeeee4ac25f1fa134adb520c1bd00a9.jpg_200x200q80.jpg
Lazada,5141470804,HGHMNDS ONLINE - DECLINE SHIRT,T-Shirt,199.0,6161.0,96.8,35,sold_lifetime,4.7,20,True,True,True,,https://www.lazada.com.ph/products/pdp-i5141470804.html,https://img.lazcdn.com/g/p/b809953ccbab935c1af93b18e32dec74.jpg_200x200q80.jpg
Lazada,4467099914,HGHMNDS CLO. - BLISSFUL,Other,207.0,7777.0,97.3,34,sold_lifetime,3.4,10,True,True,True,,https://www.lazada.com.ph/products/pdp-i4467099914.html,https://img.lazcdn.com/g/p/04b3ac4ab345d11947b127452a85cea5.jpg_200x200q80.jpg
Lazada,15389465328,HIGHMINDS CLOTHING V7 INSPIRED OVERSIZED TSHIRT DESIGN Men's Tops - T-shirts Menswear Print .C,T-Shirt,199.0,7777.0,97.4,0,sold_lifetime,3.0,1,True,True,True,,https://www.lazada.com.ph/products/pdp-i15389465328.html,https://img.lazcdn.com/g/p/d32dda1ac467f222dde221d27e74bb9a.jpg_200x200q80.jpg
Lazada,2706587938,HIGH MINDS T-SHIRTS WITH FREE STICKER,T-Shirt,207.0,4848.0,95.7,9,sold_lifetime,4.0,1,True,True,True,,https://www.lazada.com.ph/products/pdp-i2706587938.html,https://img.lazcdn.com/g/p/b72fa9cddd29ce8f583ae8d35d8db8ad.jpg_200x200q80.jpg
Lazada,4694144206,HGHMNDS CLO. - STEEL WORKS，,T-Shirt,207.0,7676.0,97.3,175,sold_lifetime,4.8,114,True,True,True,,https://www.lazada.com.ph/products/pdp-i4694144206.html,https://img.lazcdn.com/g/p/42bad4101fec87aaabd4e5c5dd9ea9f4.jpg_200x200q80.jpg
Lazada,4638852914,HGHMNDS CLO. - From Trenches Shirt,T-Shirt,207.0,7272.0,97.2,12,sold_lifetime,1.0,1,True,True,True,,https://www.lazada.com.ph/products/pdp-i4638852914.html,https://img.lazcdn.com/g/p/06a3c25b30ac54285918707712cebb56.jpg_200x200q80.jpg
Lazada,5017128132,HGHMNDS CLO. - IVORY LONGSLEEVES,Longsleeves,500.0,,,163,sold_lifetime,4.9,68,True,False,True,,https://www.lazada.com.ph/products/pdp-i5017128132.html,https://img.lazcdn.com/g/p/7a477df112bafba6960bf43e4772c053.jpg_200x200q80.jpg
Lazada,15432795010,High Minds Clothing-HGHMNDS- COTTON PRINT TEE-streetwear T SHIRT-100% COTTON T SHIRT,T-Shirt,364.24,4242.0,91.4,0,sold_lifetime,,0,False,True,True,,https://www.lazada.com.ph/products/pdp-i15432795010.html,https://img.lazcdn.com/g/p/cb9a9faa61b904f4815b1020d5f83747.jpg_webp_200x200q80.jpg
Lazada,4226087113,HGHMNDS - WIRE THERAPY,Other,750.0,,,244,sold_lifetime,5.0,95,True,False,True,,https://www.lazada.com.ph/products/pdp-i4226087113.html,https://img.lazcdn.com/g/p/aa10fcb038ebb5a29ae748a5e4c47bcf.jpg_200x200q80.jpg
Lazada,5205129245,HGHMNDS CLO. - MANIFEST,Other,199.0,6363.0,96.9,6,sold_lifetime,,0,False,True,True,,https://www.lazada.com.ph/products/pdp-i5205129245.html,https://img.lazcdn.com/g/p/fb0065619cfa2074f3e8e12ef6a7695c.jpg_200x200q80.jpg
Lazada,4420504292,HGHMNDS CLO. - REDEMPTION,Other,156.0,6969.0,97.8,28,sold_lifetime,4.6,7,True,True,True,,https://www.lazada.com.ph/products/pdp-i4420504292.html,https://img.lazcdn.com/g/p/501bfd77085b2d95062905704eef3e66.jpg_200x200q80.jpg
Lazada,15389371957,HIGHMINDS CLOTHING V2 INSPIRED OVERSIZED TSHIRT DESIGN Men's Tops - T-shirts Menswear Print .C,T-Shirt,199.0,7777.0,97.4,12,sold_lifetime,5.0,3,True,True,True,,https://www.lazada.com.ph/products/pdp-i15389371957.html,https://img.lazcdn.com/g/p/38a7bc30ca215372ce4170b357097b4b.jpg_200x200q80.jpg
Lazada,5170974393,HGHMNDS - CLASSICO (RED),Other,208.0,6565.0,96.8,0,sold_lifetime,,0,False,True,True,,https://www.lazada.com.ph/products/pdp-i5170974393.html,https://img.lazcdn.com/g/p/4243541031a5b94042211b8a4eb12fa5.png_200x200q80.png
Lazada,15395964351,Casual Original HIGHMINDS INSPIRED V1 OVERSIZED SHIRTS Menswear Top . c,T-Shirt,199.0,3434.0,94.2,0,sold_lifetime,,0,False,True,True,,https://www.lazada.com.ph/products/pdp-i15395964351.html,https://img.lazcdn.com/g/p/29c78755f645bfb0a9d6d7e501460777.jpg_200x200q80.jpg
Lazada,5365528624,HIGHMINDS CLOTHING V5 INSPIRED OVERSIZED TSHIRT DESIGN Men's Tops - T-shirts Menswear Print .2026,T-Shirt,199.0,6969.0,97.1,0,sold_lifetime,,0,False,True,True,,https://www.lazada.com.ph/products/pdp-i5365528624.html,https://img.lazcdn.com/g/p/5f7c01ea03d68dc715473ae0ba88087f.jpg_200x200q80.jpg
Lazada,4940615654,HGHMNDS ONLINE - MANIFEST cotton Tshirt For man and females,T-Shirt,185.0,3838.0,95.2,0,sold_lifetime,,0,False,True,True,,https://www.lazada.com.ph/products/pdp-i4940615654.html,https://img.lazcdn.com/g/p/b8742442fe5707d13f0c73c92582d081.jpg_200x200q80.jpg
Lazada,5392760636,HGHMNDS CLO. - KALM KORNER t shirt,T-Shirt,199.0,6767.0,97.1,0,sold_lifetime,,0,False,True,True,,https://www.lazada.com.ph/products/pdp-i5392760636.html,https://img.lazcdn.com/g/p/6bd27f05167bb73deb37b479f9be26b0.jpg_200x200q80.jpg
Lazada,5120939019,HGHMNDS CLO. - MANIFEST .2025,Other,207.0,6666.0,96.9,18,sold_lifetime,4.4,5,True,True,True,,https://www.lazada.com.ph/products/pdp-i5120939019.html,https://img.lazcdn.com/g/p/fb0065619cfa2074f3e8e12ef6a7695c.jpg_200x200q80.jpg
Lazada,5141565174,HGHMNDS ONLINE - HEAVY MEDAL SHIRT,T-Shirt,199.0,6161.0,96.8,11,sold_lifetime,5.0,10,True,True,True,,https://www.lazada.com.ph/products/pdp-i5141565174.html,https://img.lazcdn.com/g/p/47c6dd9256bd50ac91849e4a1608e0d3.jpg_200x200q80.jpg
Lazada,4575006145,HGHMNDS ONLINE - PEACE OVER ALL SHIRT,T-Shirt,199.0,6666.0,97.0,0,sold_lifetime,5.0,1,True,True,True,,https://www.lazada.com.ph/products/pdp-i4575006145.html,https://img.lazcdn.com/g/p/61326064334a99821f60e3a20cfd7bd3.jpg_200x200q80.jpg
Lazada,5392815213,HGHMNDS CLO. - Captive Skull Shirt .C,Headwear,199.0,7373.0,97.3,0,sold_lifetime,,0,False,True,True,,https://www.lazada.com.ph/products/pdp-i5392815213.html,https://img.lazcdn.com/g/p/5f107685cecc1b9b10af30f7fc7da0a1.jpg_200x200q80.jpg
Lazada,4457666606,HGHMNDS CLO. - Life Force Shirt,T-Shirt,156.0,6969.0,97.8,68,sold_lifetime,3.8,13,True,True,True,,https://www.lazada.com.ph/products/pdp-i4457666606.html,https://img.lazcdn.com/g/p/cd4ffdb490b8424ffa7eab135764414f.jpg_200x200q80.jpg
Lazada,4820119144,HGHMNDS CLO. - KALMADO OUT OF BODY,Other,207.0,7272.0,97.2,5,sold_lifetime,5.0,1,True,True,True,,https://www.lazada.com.ph/products/pdp-i4820119144.html,https://img.lazcdn.com/g/p/85b2e44ab52c47f0703302aae50ada5d.jpg_200x200q80.jpg
Lazada,4638918641,HGHMNDS CLO. - Millions,Other,207.0,7272.0,97.2,0,sold_lifetime,,0,False,True,True,,https://www.lazada.com.ph/products/pdp-i4638918641.html,https://img.lazcdn.com/g/p/de5c85b8605a88e62e1bc629d54ef420.jpg_200x200q80.jpg
Lazada,5141350601,HIGHMINDS INSPIRED V1 OVERSIZED SHIRTS Menswear Top,T-Shirt,199.0,6161.0,96.8,9,sold_lifetime,5.0,2,True,True,True,,https://www.lazada.com.ph/products/pdp-i5141350601.html,https://img.lazcdn.com/g/p/4df0e1c911d0e848e5094240d85b6819.jpg_200x200q80.jpg
Lazada,15466245728,HGHMNDS CLO. - Moonrock .c,Other,199.0,6464.0,96.9,0,sold_lifetime,,0,False,True,True,,https://www.lazada.com.ph/products/pdp-i15466245728.html,https://img.lazcdn.com/g/p/0806ef853202451f8ab38d45e37bd2b0.jpg_200x200q80.jpg
Lazada,4506980896,HGHMNDS - BURN BABYLON,Other,207.0,5252.0,96.1,6,sold_lifetime,2.3,3,True,True,True,,https://www.lazada.com.ph/products/pdp-i4506980896.html,https://img.lazcdn.com/g/p/23e7ad24e5d60acb6b37a26a166d80db.png_200x200q80.png
Lazada,4574861802,HGHMNDS ONLINE - GREEN THING SHIRT,T-Shirt,207.0,6565.0,96.8,0,sold_lifetime,,0,False,True,True,,https://www.lazada.com.ph/products/pdp-i4574861802.html,https://img.lazcdn.com/g/p/2a7a2e148e4e38d1c8ec05caa8fd749d.jpg_200x200q80.jpg
Lazada,4574754819,HGHMNDS ONLINE - SYSTEM SMASH SHIRT,T-Shirt,199.0,6666.0,97.0,0,sold_lifetime,,0,False,True,True,,https://www.lazada.com.ph/products/pdp-i4574754819.html,https://img.lazcdn.com/g/p/b88844adf71266acb5b561d11dd37771.jpg_200x200q80.jpg
Lazada,5365520636,HIGHMINDS CLOTHING V4 INSPIRED OVERSIZED TSHIRT DESIGN Men's Tops - T-shirts Menswear Print .2026,T-Shirt,199.0,6969.0,97.1,0,sold_lifetime,,0,False,True,True,,https://www.lazada.com.ph/products/pdp-i5365520636.html,https://img.lazcdn.com/g/p/06f3fd96eeb040180db1f0a4952013ea.jpg_200x200q80.jpg
Lazada,15389385881,HIGHMINDS CLOTHING V3 INSPIRED OVERSIZED TSHIRT DESIGN Men's Tops - T-shirts Menswear Print .C,T-Shirt,199.0,7777.0,97.4,0,sold_lifetime,,0,False,True,True,,https://www.lazada.com.ph/products/pdp-i15389385881.html,https://img.lazcdn.com/g/p/fb0585c436b230074e7bc7db24a79b24.jpg_200x200q80.jpg
Lazada,5365558617,HIGHMINDS CLOTHING V3 INSPIRED OVERSIZED TSHIRT DESIGN Men's Tops - T-shirts Menswear Print .2026,T-Shirt,199.0,6969.0,97.1,0,sold_lifetime,,0,False,True,True,,https://www.lazada.com.ph/products/pdp-i5365558617.html,https://img.lazcdn.com/g/p/fb0585c436b230074e7bc7db24a79b24.jpg_200x200q80.jpg
Lazada,4574828612,HGHMNDS ONLINE - SKILLS SHIRT,T-Shirt,207.0,5959.0,96.5,15,sold_lifetime,3.9,7,True,True,True,,https://www.lazada.com.ph/products/pdp-i4574828612.html,https://img.lazcdn.com/g/p/ca33c344d995b665d21c179a0542e00c.jpg_200x200q80.jpg
Lazada,4638851514,HGHMNDS CLO. - World Vision Shirt,T-Shirt,207.0,7272.0,97.2,0,sold_lifetime,,0,False,True,True,,https://www.lazada.com.ph/products/pdp-i4638851514.html,https://img.lazcdn.com/g/p/d5beafd311e029583dd7b940b4968e57.jpg_200x200q80.jpg
