platform,item_id,product_name,seller_name,price,original_price,discount_pct,stock,sold_30d,sold_lifetime,rating_avg,review_count,star_5,star_4,star_3,star_2,star_1,description,category,variations,url,image_url,search_keyword,scraped_at,sold_final,sold_source,is_suspicious,has_ratings,product_name_clean,is_authentic,category_derived
Lazada,15524837512,HGHMNDS ONLINE - ARC LETTER BLACK,,850.0,,,,,6.0,,1,,,,,,,,,https://www.lazada.com.ph/products/pdp-i15524837512.html,https://img.lazcdn.com/g/p/379a84e2ce345298c7d7ed173bdd1309.jpg_200x200q80.jpg,hghmnds,20260705_015629,6,sold_lifetime,False,True,HGHMNDS ONLINE - ARC LETTER BLACK,True,Other
Lazada,15524923073,HGHMNDS ONLINE - MANTIS SHADES,,1450.0,,,,,,,0,0.0,0.0,0.0,0.0,0.0,HGHMNDS ONLINE - MANTIS SHADESSee through all. Clarity comes with street smarts and style. PRODUCT DESCRIPTIONPolycarbonate Frame with Tinted LensesOfficial HIGH MINDS CLOTHING product.HGHMNDS CLOTHING is an independent PH streetwear brand that aims to uplift and inspire the masses.Superior quality goods.,Fashion Accessories > Eyewear > Sunglasses > HGHMNDS ONLINE - MANTIS SHADES,,https://www.lazada.com.ph/products/pdp-i15524923073.html,https://img.lazcdn.com/g/p/dc8f092e4233daf50c23f23acd1c568f.jpg_200x200q80.jpg,hghmnds,20260705_015629,0,sold_lifetime,False,False,HGHMNDS ONLINE - MANTIS SHADES,True,Other
Lazada,4396874026,HGHMNDS - COVERT SHADES,,1000.0,,,,,145.0,,59,,,,,,"HGHMNDS - COVERT SHADESA vision honed in secrecy. The best moves are made, away from the public eye. UV 400 LENSESPOLYCARBONATE FRAMESInclusion: 1 MICROFIBER POUCH1 POUCH1 BOX",Fashion Accessories > Eyewear > Sunglasses > HGHMNDS - COVERT SHADES,,https://www.lazada.com.ph/products/pdp-i4396874026.html,https://img.lazcdn.com/g/p/95c0f83a2087adc98bd9eb2247469c1a.jpg_200x200q80.jpg,hghmnds,20260705_015629,145,sold_lifetime,False,True,HGHMNDS - COVERT SHADES,True,Other
Lazada,4774521665,HGHMNDS CLO. - COLD CRYPT,,900.0,,,,,83.0,,41,,,,,,"HGHMNDS CLO. - COLD CRYPTCarry what you love in a bag so dark, as black as coffee, as mysterious as night.L-8.5"" W-5"" H-9"" WEIGHT CAPACITY: 5 - 6 LITERSCORDURA FABRIC WITH LINING HGHMNDS RUBBER PATCHOfficial HIGH MINDS CLOTHING product.HGHMNDS CLOTHING is an independent PH streetwear brand that aims to uplift and inspire the masses.Superior quality goods.",Bags and Travel > Men Bags > Crossbody & Shoulder Bags > HGHMNDS CLO. - COLD CRYPT,,https://www.lazada.com.ph/products/pdp-i4774521665.html,https://img.lazcdn.com/g/p/c78040182bee59507410ff28e1e1cdf3.jpg_200x200q80.jpg,hghmnds,20260705_015629,83,sold_lifetime,False,True,HGHMNDS CLO. - COLD CRYPT,True,Other
Lazada,15524665204,HGHMNDS ONLINE - NIGHT WATCH,,800.0,,,,,,,1,,,,,,"HGHMNDS ONLINE - NIGHT WATCHWhen nighttime comes, we come alive. We are the watchers of the night. PRODUCT DETAILSRegular T-Shirt with Cotton Blend RibbingSilkscreen Print GraphicCotton and Polyester Blend (245 gsm)Official HIGH MINDS CLOTHING product.HGHMNDS CLOTHING is an independent PH streetwear brand that aims to uplift and inspire the masses.Superior quality goods.",Men's Clothing > Tops > T-Shirts & Tanks > HGHMNDS ONLINE - NIGHT WATCH,"[""XS"", ""S"", ""M"", ""L"", ""XL"", ""XXL"", ""3XL""]",https://www.lazada.com.ph/products/pdp-i15524665204.html,https://img.lazcdn.com/g/p/ed0d79569843398f6f66e4a15df6c554.jpg_200x200q80.jpg,hghmnds,20260705_015629,0,sold_lifetime,False,True,HGHMNDS ONLINE - NIGHT WATCH,True,Other
Lazada,4325923439,HGHMNDS- Soul Scale,,750.0,,,,,424.0,,160,,,,,,HGHMNDS - Soul ScaleThe perfect balance becomes possible when your craving for inner peace is achieved. COTTON AND POLYESTER BLEND (245 GSM) SILKSCREEN PRINTED DESIGN,Men's Clothing > Tops > T-Shirts & Tanks > HGHMNDS- Soul Scale,"[""M"", ""L"", ""XL"", ""XXL"", ""3XL""]",https://www.lazada.com.ph/products/pdp-i4325923439.html,https://img.lazcdn.com/g/p/9f0bf3b010be55133d6779ebb57b08a0.jpg_200x200q80.jpg,hghmnds,20260705_015629,424,sold_lifetime,False,True,HGHMNDS- Soul Scale,True,Other
Lazada,2561503273,HGHMNDS - ETERNAL BATTLE,,750.0,,,,,1800.0,,422,,,,,,Buy HGHMNDS - ETERNAL BATTLE online at Lazada Philippines. Discount prices and promotional sale on all Tops. Free Shipping.,Men's Clothing > Tops > T-Shirts & Tanks > HGHMNDS - ETERNAL BATTLE,"[""M"", ""L"", ""XL""]",https://www.lazada.com.ph/products/pdp-i2561503273.html,https://img.lazcdn.com/g/p/95a16011d4d1d385b98184d87c23eb63.jpg_200x200q80.jpg,hghmnds,20260705_015629,1800,sold_lifetime,False,True,HGHMNDS - ETERNAL BATTLE,True,Other
Lazada,2156666538,HGHMNDS - DIAGRAM,,750.0,,,,,5000.0,,1184,,,,,,Buy HGHMNDS - DIAGRAM online at Lazada Philippines. Discount prices and promotional sale on all Tops. Free Shipping.,Men's Clothing > Tops > T-Shirts & Tanks > HGHMNDS - DIAGRAM,"[""XXL"", ""XL"", ""L"", ""M"", ""3XL""]",https://www.lazada.com.ph/products/pdp-i2156666538.html,https://img.lazcdn.com/g/p/38ce981e51884526142a8c47026f2110.jpg_200x200q80.jpg,hghmnds,20260705_015629,5000,sold_lifetime,False,True,HGHMNDS - DIAGRAM,True,Other
Lazada,15525044821,HGHMNDS CLO. - BARBED HORIZON RIDING JERSEY,,1200.0,,,,,,,0,,,,,,"HGHMNDS ONLINE - BARBED HORIZON RIDING JERSEYSharp, protective and ever ready to cause serious damage. Welcome to the thorn city. PRODUCT DETAILSPOLYESTER BLEND MESH LONGSLEEVE JERSEY Sublimated PrintKnitted RibbingsOfficial HIGH MINDS CLOTHING product.HGHMNDS CLOTHING is an independent PH streetwear brand that aims to uplift and inspire the masses.Superior quality goods.",Sports Shoes and Clothing > Men's Sports Clothing > T-Shirts & Tops > HGHMNDS CLO. - BARBED HORIZON RIDING JERSEY,"[""XS"", ""S"", ""M"", ""L"", ""XL"", ""XXL"", ""3XL""]",https://www.lazada.com.ph/products/pdp-i15525044821.html,https://img.lazcdn.com/g/p/14095bf6498cc04cc6339a3516879cde.jpg_200x200q80.jpg,hghmnds,20260705_015629,0,sold_lifetime,False,False,HGHMNDS CLO. - BARBED HORIZON RIDING JERSEY,True,Jersey
Lazada,15524891327,HGHMNDS ONLINE - ARC LETTER WHITE,,850.0,,,,,,,2,,,,,,"HGHMNDS ONLINE - ARC LETTER WHITEHeavy on the letters, light on the fit. The perfect daily pair. PRODUCT DESCRIPTIONPolyester Blend Mesh Shorts with Lining / Garterized Waistband with DrawstringOfficial HIGH MINDS CLOTHING product.HGHMNDS CLOTHING is an independent PH streetwear brand that aims to uplift and inspire the masses.Superior quality goods.",Men's Clothing > Bottoms > Short > HGHMNDS ONLINE - ARC LETTER WHITE,"[""XS"", ""S"", ""M"", ""L"", ""XL"", ""XXL"", ""3XL""]",https://www.lazada.com.ph/products/pdp-i15524891327.html,https://img.lazcdn.com/g/p/75e7396976dead3e46b4966dc3c52b32.jpg_200x200q80.jpg,hghmnds,20260705_015629,0,sold_lifetime,False,True,HGHMNDS ONLINE - ARC LETTER WHITE,True,Other
Lazada,3495077605,HGHMNDS - HEART MOLD,,750.0,,,,,1200.0,,329,,,,,,Buy HGHMNDS - HEART MOLD online at Lazada Philippines. Discount prices and promotional sale on all Tops. Free Shipping.,Men's Clothing > Tops > T-Shirts & Tanks > HGHMNDS - HEART MOLD,"[""M"", ""L"", ""XL"", ""XXL"", ""3XL""]",https://www.lazada.com.ph/products/pdp-i3495077605.html,https://img.lazcdn.com/g/p/b4f3b3d68d87625611636d0c2803778c.png_200x200q80.png,hghmnds,20260705_015629,1200,sold_lifetime,False,True,HGHMNDS - HEART MOLD,True,Other
Lazada,15524647186,HGHMNDS CLO - LINEAR CHARGE JERSEY,,1000.0,,,,,,,1,,,,,,HGHMNDS ONLINE - LINEAR CHARGE JERSEYYour A-Game deserves nothing less. Show them who’s really in charge. PRODUCT DETAILSPolyester Blend Mesh JerseySublimated PrintKnitted RibbingsOfficial HIGH MINDS CLOTHING product.HGHMNDS CLOTHING is an independent PH streetwear brand that aims to uplift and inspire the masses.Superior quality goods.,Sports Shoes and Clothing > Men's Sports Clothing > Jersey > HGHMNDS CLO - LINEAR CHARGE JERSEY,"[""XS"", ""S"", ""M"", ""L"", ""XL"", ""XXL"", ""3XL""]",https://www.lazada.com.ph/products/pdp-i15524647186.html,https://img.lazcdn.com/g/p/72d7686134944ce7c32b4f1cf0295dc0.jpg_200x200q80.jpg,hghmnds,20260705_015629,0,sold_lifetime,False,True,HGHMNDS CLO - LINEAR CHARGE JERSEY,True,Jersey
Lazada,15524675002,HGHMNDS ONLINE - BITE BRIGADE,,800.0,,,,,,,1,,,,,,"HGHMNDS ONLINE - BITE BRIGADERaised by the streets, tough all around with the fight… and the bite in them. PRODUCT DETAILSRegular T-Shirt with Cotton Blend RibbingSilkscreen Print GraphicCotton and Polyester Blend (245 gsm)Official HIGH MINDS CLOTHING product.HGHMNDS CLOTHING is an independent PH streetwear brand that aims to uplift and inspire the masses.Superior quality goods.",Men's Clothing > Tops > T-Shirts & Tanks > HGHMNDS ONLINE - BITE BRIGADE,"[""XS"", ""S"", ""M"", ""L"", ""XL"", ""XXL"", ""3XL""]",https://www.lazada.com.ph/products/pdp-i15524675002.html,https://img.lazcdn.com/g/p/7c24bfa68c57c3f368c3f12bbc81a167.jpg_200x200q80.jpg,hghmnds,20260705_015629,0,sold_lifetime,False,True,HGHMNDS ONLINE - BITE BRIGADE,True,Other
Lazada,1331266671,HGHMNDS - THE COSMIC PROCESS,,750.0,,,,,5800.0,,1841,,,,,,Buy HGHMNDS - THE COSMIC PROCESS online at Lazada Philippines. Discount prices and promotional sale on all Tops. Free Shipping.,Men's Clothing > Tops > T-Shirts & Tanks > HGHMNDS - THE COSMIC PROCESS,"[""Black"", ""3XL"", ""M"", ""L"", ""XL"", ""XXL""]",https://www.lazada.com.ph/products/pdp-i1331266671.html,https://img.lazcdn.com/g/p/4901f7de3fd2dd68c240b94428f61061.png_200x200q80.png,hghmnds,20260705_015629,5800,sold_lifetime,False,True,HGHMNDS - THE COSMIC PROCESS,True,Other
Lazada,4645366031,HGHMNDS CLO. - Razor Road Bag,,700.0,,,,,80.0,,37,,,,,,"HGHMNDS CLO. - RAZOR ROAD BAGIt's an unforgiving road out there, but then you're built tougher.Made in the Philippines Official HIGH MINDS CLOTHING product.HGHMNDS CLOTHING is an independent PH streetwear brand that aims to uplift and inspire the masses.Superior quality goods.",Bags and Travel > Men Bags > Crossbody & Shoulder Bags > HGHMNDS CLO. - Razor Road Bag,,https://www.lazada.com.ph/products/pdp-i4645366031.html,https://img.lazcdn.com/g/p/1185a86d646da80c7498182ff3575690.jpg_200x200q80.jpg,hghmnds,20260705_015629,80,sold_lifetime,False,True,HGHMNDS CLO. - Razor Road Bag,True,Accessories
Lazada,4583403894,HGHMNDS CLO. - Declaration Longsleeves,,900.0,,,,,191.0,,69,,,,,,HGHMNDS CLO. - Declaration LongsleevesMake it louder for those in the back. For those who pretend you don't even exist. COTTON AND POLYESTER BLEND (245 GSM) Official HIGH MINDS CLOTHING product.HGHMNDS CLOTHING is an independent PH streetwear brand that aims to uplift and inspire the masses.Superior quality goods.,Men's Clothing > Tops > Shirts > HGHMNDS CLO. - Declaration Longsleeves,"[""M"", ""L"", ""XL"", ""XXL"", ""3XL""]",https://www.lazada.com.ph/products/pdp-i4583403894.html,https://img.lazcdn.com/g/p/043eed37db767c1a54dc94017b98ff6f.jpg_200x200q80.jpg,hghmnds,20260705_015629,191,sold_lifetime,False,True,HGHMNDS CLO. - Declaration Longsleeves,True,Longsleeves
Lazada,15524887349,HGHMNDS ONLINE - VANITY PLATE HOODIE,,2000.0,,,,,5.0,,1,,,,,,"HGHMNDS ONLINE - VANITY PLATE HOODIEBeen in the game deep, time to flex the name on the road. PRODUCT DESCRIPTIONFLEECE HOODIE WITH SILKSCREEN PRINTOfficial HIGH MINDS CLOTHING product.HGHMNDS CLOTHING is an independent PH streetwear brand that aims to uplift and inspire the masses.Superior quality goods.",Men's Clothing > Tops > Hoodies & Sweatshirts > HGHMNDS ONLINE - VANITY PLATE HOODIE,"[""XS"", ""S"", ""M"", ""L"", ""XL"", ""XXL"", ""3XL""]",https://www.lazada.com.ph/products/pdp-i15524887349.html,https://img.lazcdn.com/g/p/804339b250e2dd595f645c50b926378c.jpg_200x200q80.jpg,hghmnds,20260705_015629,5,sold_lifetime,False,True,HGHMNDS ONLINE - VANITY PLATE HOODIE,True,Hoodie/Sweatshirt
Lazada,4983270395,HGHMNDS CLO. - TACTICAL RUST,,850.0,,,,,109.0,,46,,,,,,"HGHMNDS CLO. - TACTICAL RUSTEvery pocket, every detail, entails a function. Your perfect companion for your daily adventures.Official HIGH MINDS CLOTHING product.HGHMNDS CLOTHING is an independent PH streetwear brand that aims to uplift and inspire the masses.Superior quality goods.",Bags and Travel > Men Bags > Crossbody & Shoulder Bags > HGHMNDS CLO. - TACTICAL RUST,,https://www.lazada.com.ph/products/pdp-i4983270395.html,https://img.lazcdn.com/g/p/5bc937a581998b59fe512b9b1a9e82bf.jpg_200x200q80.jpg,hghmnds,20260705_015629,109,sold_lifetime,False,True,HGHMNDS CLO. - TACTICAL RUST,True,Other
Lazada,3378007011,HGHMNDS - MANIFEST,,750.0,,,,,1500.0,,459,,,,,,Buy HGHMNDS - MANIFEST online at Lazada Philippines. Discount prices and promotional sale on all Tops. Free Shipping.,Men's Clothing > Tops > T-Shirts & Tanks > HGHMNDS - MANIFEST,"[""M"", ""L"", ""XL"", ""XXL"", ""3XL""]",https://www.lazada.com.ph/products/pdp-i3378007011.html,https://img.lazcdn.com/g/p/8fc71389a87149c153ad85b07f814b24.png_200x200q80.png,hghmnds,20260705_015629,1500,sold_lifetime,False,True,HGHMNDS - MANIFEST,True,Other
Lazada,4645240531,HGHMNDS CLO. - Nightwalker Coin Purse,,250.0,,,,,480.0,,225,,,,,,"HGHMNDS CLO. - NIGHTWALKERThe night is silent, best be on your way and carry light. MADE IN THE PHILIPPINES Official HIGH MINDS CLOTHING product.HGHMNDS CLOTHING is an independent PH streetwear brand that aims to uplift and inspire the masses.Superior quality goods.",Bags and Travel > Women Bags > Coin Purses & Pouches > HGHMNDS CLO. - Nightwalker Coin Purse,,https://www.lazada.com.ph/products/pdp-i4645240531.html,https://img.lazcdn.com/g/p/e91dc274f8d2750c83e94475733d64ed.jpg_200x200q80.jpg,hghmnds,20260705_015629,480,sold_lifetime,False,True,HGHMNDS CLO. - Nightwalker Coin Purse,True,Accessories
Lazada,15524643274,HGHMNDS CLO. - POP LORE RIDING JERSEY,,1200.0,,,,,,,3,,,,,,HGHMNDS ONLINE - LINEAR CHARGE JERSEYPrecision has never looked this good. It’s all in the blade. PRODUCT DETAILSPOLYESTER BLEND MESH LONGSLEEVE JERSEY Sublimated PrintKnitted RibbingsOfficial HIGH MINDS CLOTHING product.HGHMNDS CLOTHING is an independent PH streetwear brand that aims to uplift and inspire the masses.Superior quality goods.,Sports Shoes and Clothing > Men's Sports Clothing > T-Shirts & Tops > HGHMNDS CLO. - POP LORE RIDING JERSEY,"[""XS"", ""S"", ""M"", ""L"", ""XL"", ""XXL"", ""3XL""]",https://www.lazada.com.ph/products/pdp-i15524643274.html,https://img.lazcdn.com/g/p/28867f5e4419743ec5fb4a402521fa7c.jpg_200x200q80.jpg,hghmnds,20260705_015629,0,sold_lifetime,False,True,HGHMNDS CLO. - POP LORE RIDING JERSEY,True,Jersey
Lazada,4906414437,HGHMNDS CLO. - Nostalgic Shirt,,750.0,,,,,118.0,,55,,,,,,HGHMNDS CLO. - NOSTALGIC SHIRTLet’s take it to simpler times and less complicated moments for they build the strongest characters in the room.COTTON AND POLYESTER BLEND (245 GSM)Official HIGH MINDS CLOTHING product.HGHMNDS CLOTHING is an independent PH streetwear brand that aims to uplift and inspire the masses.Superior quality goods.,Men's Clothing > Tops > T-Shirts & Tanks > HGHMNDS CLO. - Nostalgic Shirt,"[""M"", ""L"", ""XL"", ""XXL"", ""3XL""]",https://www.lazada.com.ph/products/pdp-i4906414437.html,https://img.lazcdn.com/g/p/2fc099d22cc268ce1bba78a41c959ed2.jpg_200x200q80.jpg,hghmnds,20260705_015629,118,sold_lifetime,False,True,HGHMNDS CLO. - Nostalgic Shirt,True,T-Shirt
Lazada,15524615568,HGHMNDS CLO. - GRIDLOCK RIDING JERSEY,,1200.0,,,,,,,0,,,,,,HGHMNDS ONLINE - GRIDLOCK RIDING JERSEYTech-forward and precisely cut for success. Nothing comes close to the Gridlock. PRODUCT DETAILSPOLYESTER BLEND MESH LONGSLEEVE JERSEY Sublimated PrintKnitted RibbingsOfficial HIGH MINDS CLOTHING product.HGHMNDS CLOTHING is an independent PH streetwear brand that aims to uplift and inspire the masses.Superior quality goods.,Sports Shoes and Clothing > Men's Sports Clothing > T-Shirts & Tops > HGHMNDS CLO. - GRIDLOCK RIDING JERSEY,"[""XS"", ""S"", ""M"", ""L"", ""XL"", ""XXL"", ""3XL""]",https://www.lazada.com.ph/products/pdp-i15524615568.html,https://img.lazcdn.com/g/p/e2e91cd8c400777b6f070d02fd74e688.jpg_200x200q80.jpg,hghmnds,20260705_015629,0,sold_lifetime,False,False,HGHMNDS CLO. - GRIDLOCK RIDING JERSEY,True,Jersey
Lazada,4774664148,HGHMNDS CLO. - MAGNIFIED ZOMBIE,,750.0,,,,,81.0,,35,,,,,,"HGHMNDS CLO. - MAGNIFIED ZOMBIEA face of decay, one in a million cursed by humanity's virus in high definition!COTTON AND POLYESTER BLEND (245 GSM)Official HIGH MINDS CLOTHING product.HGHMNDS CLOTHING is an independent PH streetwear brand that aims to uplift and inspire the masses.Superior quality goods.",Men's Clothing > Tops > T-Shirts & Tanks > HGHMNDS CLO. - MAGNIFIED ZOMBIE,"[""M"", ""L"", ""XL"", ""XXL"", ""3XL""]",https://www.lazada.com.ph/products/pdp-i4774664148.html,https://img.lazcdn.com/g/p/8e15bee8fdf4e77dc5a5746e7b092ee8.jpg_200x200q80.jpg,hghmnds,20260705_015629,81,sold_lifetime,False,True,HGHMNDS CLO. - MAGNIFIED ZOMBIE,True,Other
Lazada,15525148032,HGHMNDS ONLINE - SILENT SORCERER,,800.0,,,,,6.0,,5,,,,,,"HGHMNDS ONLINE - SILENT SORCERERSeek his knowledge, yearn for his magical powers… embrace his presence. PRODUCT DETAILSRegular T-Shirt with Cotton Blend RibbingSilkscreen Print GraphicCotton and Polyester Blend (245 gsm)Official HIGH MINDS CLOTHING product.HGHMNDS CLOTHING is an independent PH streetwear brand that aims to uplift and inspire the masses.Superior quality goods.",Men's Clothing > Tops > T-Shirts & Tanks > HGHMNDS ONLINE - SILENT SORCERER,"[""XS"", ""S"", ""M"", ""L"", ""XL"", ""XXL"", ""3XL""]",https://www.lazada.com.ph/products/pdp-i15525148032.html,https://img.lazcdn.com/g/p/550ccbde549a1f2ba7f21826abb037a2.jpg_200x200q80.jpg,hghmnds,20260705_015629,6,sold_lifetime,False,True,HGHMNDS ONLINE - SILENT SORCERER,True,Other
Lazada,3212331835,HGHMNDS - PERCEPTION,,750.0,,,,,2200.0,,512,,,,,,Buy HGHMNDS - PERCEPTION online at Lazada Philippines. Discount prices and promotional sale on all Tops. Free Shipping.,Men's Clothing > Tops > T-Shirts & Tanks > HGHMNDS - PERCEPTION,"[""M"", ""L"", ""XL"", ""XXL"", ""3XL""]",https://www.lazada.com.ph/products/pdp-i3212331835.html,https://img.lazcdn.com/g/p/dc1b37c5a6dd474a2fb5dcfbb993fd7d.png_200x200q80.png,hghmnds,20260705_015629,2200,sold_lifetime,False,True,HGHMNDS - PERCEPTION,True,Other
Lazada,331096584,AURORA - HGHMNDS,,750.0,,,,,6400.0,,1964,,,,,,Buy AURORA - HGHMNDS online at Lazada Philippines. Discount prices and promotional sale on all Women's Clothing. Free Shipping.,Women's Clothing > Couple & Family Sets > AURORA - HGHMNDS,"[""Black"", ""3XL"", ""XL"", ""XXL"", ""M"", ""L""]",https://www.lazada.com.ph/products/pdp-i331096584.html,https://img.lazcdn.com/g/p/2cd769029ff0a5fa2d67d55848e829c9.jpg_200x200q80.jpg,hghmnds,20260705_015629,6400,sold_lifetime,False,True,AURORA - HGHMNDS,True,Other
Lazada,5017161050,HGHMNDS CLO. - SNOW SHIRT,,400.0,,,,,344.0,,135,,,,,,HGHMNDS CLO. - SNOW SHIRTEmbrace both opposite sides and enjoy low-key style without the noise.COTTON AND POLYESTER BLEND (245 GSM)Official HIGH MINDS CLOTHING product.HGHMNDS CLOTHING is an independent PH streetwear brand that aims to uplift and inspire the masses.Superior quality goods.,Men's Clothing > Tops > T-Shirts & Tanks > HGHMNDS CLO. - SNOW SHIRT,"[""M"", ""L"", ""XL"", ""XXL"", ""3XL""]",https://www.lazada.com.ph/products/pdp-i5017161050.html,https://img.lazcdn.com/g/p/596188e0142b9aeb890f8ea7a780140c.jpg_200x200q80.jpg,hghmnds,20260705_015629,344,sold_lifetime,False,True,HGHMNDS CLO. - SNOW SHIRT,True,T-Shirt
Lazada,3495029763,HGHMNDS - MIXTAPE SYNDROME,,750.0,,,,,1800.0,,512,,,,,,Buy HGHMNDS - MIXTAPE SYNDROME online at Lazada Philippines. Discount prices and promotional sale on all Tops. Free Shipping.,Men's Clothing > Tops > T-Shirts & Tanks > HGHMNDS - MIXTAPE SYNDROME,"[""M"", ""L"", ""XL"", ""XXL"", ""3XL""]",https://www.lazada.com.ph/products/pdp-i3495029763.html,https://img.lazcdn.com/g/p/488d85e911dc75753c570577f3cf8bd4.png_200x200q80.png,hghmnds,20260705_015629,1800,sold_lifetime,False,True,HGHMNDS - MIXTAPE SYNDROME,True,Other
Lazada,4406918708,HGHMNDS - FORGET NOT,,750.0,,,,,411.0,,167,,,,,,HGHMNDS - FORGET NOTAnother friendly reminder from your HGHMNDS crew. The message is clear. COTTON AND POLYESTER BLEND (245 GSM)Official HIGH MINDS CLOTHING product.HGHMNDS CLOTHING is an independent PH streetwear brand that aims to uplift and inspire the masses.Superior quality goods.,Men's Clothing > Tops > T-Shirts & Tanks > HGHMNDS - FORGET NOT,"[""M"", ""L"", ""XL"", ""XXL"", ""3XL""]",https://www.lazada.com.ph/products/pdp-i4406918708.html,https://img.lazcdn.com/g/p/3f85f2a4a1d2f705e055b97d88dd6cff.jpg_200x200q80.jpg,hghmnds,20260705_015629,411,sold_lifetime,False,True,HGHMNDS - FORGET NOT,True,Other
Lazada,4645174767,HGHMNDS CLO. - Jinx Proof Coin Purse,,300.0,,,,,527.0,,226,,,,,,"HGHMNDS CLO. - JINX PROOFMake sure you got all valuables in check, wherever you may roam.MADE IN THE PHILIPPINES Official HIGH MINDS CLOTHING product.HGHMNDS CLOTHING is an independent PH streetwear brand that aims to uplift and inspire the masses.Superior quality goods.",Bags and Travel > Women Bags > Coin Purses & Pouches > HGHMNDS CLO. - Jinx Proof Coin Purse,,https://www.lazada.com.ph/products/pdp-i4645174767.html,https://img.lazcdn.com/g/p/573e890867a14cecffba7e7badb259c7.jpg_200x200q80.jpg,hghmnds,20260705_015629,527,sold_lifetime,False,True,HGHMNDS CLO. - Jinx Proof Coin Purse,True,Accessories
Lazada,15525280790,HGHMNDS ONLINE - MIRROR TRACK,,850.0,,,,,,,0,,,,,,HGHMNDS ONLINE - MIRROR TRACKSymmetry is key. The perfect indicator of perfection. PRODUCT DETAILSBox Raglan Cut Shirt With Cotton Blend RibbingSilkscreen Print GraphicCotton and Polyester Blend (245 gsm)Official HIGH MINDS CLOTHING product.HGHMNDS CLOTHING is an independent PH streetwear brand that aims to uplift and inspire the masses.Superior quality goods.,Men's Clothing > Tops > T-Shirts & Tanks > HGHMNDS ONLINE - MIRROR TRACK,"[""XS"", ""S"", ""M"", ""L"", ""XL"", ""XXL"", ""3XL""]",https://www.lazada.com.ph/products/pdp-i15525280790.html,https://img.lazcdn.com/g/p/730dee609a6e2f28e56fe72937f6b257.jpg_200x200q80.jpg,hghmnds,20260705_015629,0,sold_lifetime,False,False,HGHMNDS ONLINE - MIRROR TRACK,True,Other
Lazada,15524629592,HGHMNDS ONLINE - BRANDALISM BLACK,,800.0,,,,,5.0,5.0,2,2.0,0.0,0.0,0.0,0.0,"HGHMNDS ONLINE - BRANDALSIM BLACKIn a world where logos are king, it’s all about repurposing them for a far more urgent message. PRODUCT DETAILSRegular T-Shirt with Cotton Blend RibbingSilkscreen Print GraphicCotton and Polyester Blend (245 gsm)Official HIGH MINDS CLOTHING product.HGHMNDS CLOTHING is an independent PH streetwear brand that aims to uplift and inspire the masses.Superior quality goods.",Men's Clothing > Tops > T-Shirts & Tanks > HGHMNDS ONLINE - BRANDALISM BLACK,"[""XS"", ""S"", ""M"", ""L"", ""XL"", ""XXL"", ""3XL""]",https://www.lazada.com.ph/products/pdp-i15524629592.html,https://img.lazcdn.com/g/p/3cb2d17611f8cb5a4fb2e8e44c0d3892.jpg_200x200q80.jpg,hghmnds,20260705_015629,5,sold_lifetime,False,True,HGHMNDS ONLINE - BRANDALISM BLACK,True,Other
Lazada,15525086494,HGHMNDS ONLINE - MOTH LITE,,800.0,,,,,,5.0,1,1.0,0.0,0.0,0.0,0.0,"HGHMNDS ONLINE - MOTH LITELured by light, the attraction to the unfamiliar ignites wonder. PRODUCT DETAILSRegular T-Shirt with Cotton Blend RibbingSilkscreen Print GraphicCotton and Polyester Blend (245 gsm)Official HIGH MINDS CLOTHING product.HGHMNDS CLOTHING is an independent PH streetwear brand that aims to uplift and inspire the masses.Superior quality goods.",Men's Clothing > Tops > T-Shirts & Tanks > HGHMNDS ONLINE - MOTH LITE,"[""XS"", ""S"", ""M"", ""L"", ""XL"", ""XXL"", ""3XL""]",https://www.lazada.com.ph/products/pdp-i15525086494.html,https://img.lazcdn.com/g/p/6dcc6e36eb46622f85dc2d7855757106.jpg_200x200q80.jpg,hghmnds,20260705_015629,0,sold_lifetime,False,True,HGHMNDS ONLINE - MOTH LITE,True,Other
Lazada,5135097284,HGHMNDS CLO. - Seek Clarity Shirt,,750.0,,,,,49.0,5.0,17,17.0,0.0,0.0,0.0,0.0,HGHMNDS CLO. - SEEK CLARITY SHIRTFind your truth. Don’t stop for nothing. Your answers will never come from half-cooked facts; find and formulate your own.Official HIGH MINDS CLOTHING product.HGHMNDS CLOTHING is an independent PH streetwear brand that aims to uplift and inspire the masses.Superior quality goods.,Men's Clothing > Tops > T-Shirts & Tanks > HGHMNDS CLO. - Seek Clarity Shirt,"[""XS"", ""S"", ""M"", ""L"", ""XL"", ""XXL"", ""3XL""]",https://www.lazada.com.ph/products/pdp-i5135097284.html,https://img.lazcdn.com/g/p/41201b826a51bbbc082df847bbb3f6fe.jpg_200x200q80.jpg,hghmnds,20260705_015629,49,sold_lifetime,False,True,HGHMNDS CLO. - Seek Clarity Shirt,True,T-Shirt
Lazada,15525376073,HGHMNDS CLO. - NAME FROST NECKLACE,,2000.0,,,,,,,0,0.0,0.0,0.0,0.0,0.0,"HGHMNDS CLO. - NAME FROST NECKLACEA subtle, yet strong flex for the true diehards out there. Protect your neck! PRODUCT DETAILS ZINC ALLOY NECKLACE & PENDANTOfficial HIGH MINDS CLOTHING product.HGHMNDS CLOTHING is an independent PH streetwear brand that aims to uplift and inspire the masses.Superior quality goods.",Fashion Accessories > Jewellery > Necklaces > HGHMNDS CLO. - NAME FROST NECKLACE,,https://www.lazada.com.ph/products/pdp-i15525376073.html,https://img.lazcdn.com/g/p/d5981b0f8ea7b4a9a75cd157fe44ecf1.jpg_200x200q80.jpg,hghmnds,20260705_015629,0,sold_lifetime,False,False,HGHMNDS CLO. - NAME FROST NECKLACE,True,Accessories
Lazada,3134874109,HGHMNDS - PRICE CHECK,,750.0,,,,,731.0,5.0,211,206.0,3.0,1.0,0.0,1.0,Buy HGHMNDS - PRICE CHECK online at Lazada Philippines. Discount prices and promotional sale on all Tops. Free Shipping.,Men's Clothing > Tops > T-Shirts & Tanks > HGHMNDS - PRICE CHECK,"[""XS"", ""S"", ""M"", ""L"", ""XL"", ""XXL"", ""3XL""]",https://www.lazada.com.ph/products/pdp-i3134874109.html,https://img.lazcdn.com/g/p/c74e41c1539ce5f83b7713100b0a15af.png_200x200q80.png,hghmnds,20260705_015629,731,sold_lifetime,False,True,HGHMNDS - PRICE CHECK,True,Other
Lazada,15524869400,HGHMNDS CLO. - WAVY STREAM PANTS,,1500.0,,,,,,,0,0.0,0.0,0.0,0.0,0.0,HGHMNDS CLO. - WAVY STREAM PANTSFollow the wavy path. Move where the waters take you… results may vary. PRODUCT DETAILSSUBLIMATED POLYESTER BLEND PANTS WITH CORD STOPPER & DRAWSTRINGOfficial HIGH MINDS CLOTHING product.HGHMNDS CLOTHING is an independent PH streetwear brand that aims to uplift and inspire the masses.Superior quality goods,Men's Clothing > Bottoms > Pants > HGHMNDS CLO. - WAVY STREAM PANTS,"[""XS"", ""S"", ""M"", ""L"", ""XL"", ""XXL"", ""3XL""]",https://www.lazada.com.ph/products/pdp-i15524869400.html,https://img.lazcdn.com/g/p/9795b37855403ff167364a5830f1c151.jpg_200x200q80.jpg,hghmnds,20260705_015629,0,sold_lifetime,False,False,HGHMNDS CLO. - WAVY STREAM PANTS,True,Other
Lazada,334132243,SURFER - HGHMNDS,,750.0,,,,,3900.0,5.0,1048,1024.0,11.0,5.0,1.0,7.0,Buy SURFER - HGHMNDS online at Lazada Philippines. Discount prices and promotional sale on all Women's Clothing. Free Shipping.,Women's Clothing > Couple & Family Sets > SURFER - HGHMNDS,"[""White"", ""3XL"", ""M"", ""XXL"", ""L"", ""XL""]",https://www.lazada.com.ph/products/pdp-i334132243.html,https://img.lazcdn.com/g/p/667ff9aead80f0d4ed57b6b67fc74a28.jpg_200x200q80.jpg,hghmnds,20260705_015629,3900,sold_lifetime,False,True,SURFER - HGHMNDS,True,Other
Lazada,1492714459,HGHMNDS ONLINE - FREEDOM T-SHIRT,,750.0,,,,,3900.0,4.9,1227,1196.0,13.0,9.0,3.0,6.0,Buy HGHMNDS ONLINE - FREEDOM T-SHIRT online at Lazada Philippines. Discount prices and promotional sale on all Tops. Free Shipping.,Men's Clothing > Tops > T-Shirts & Tanks > HGHMNDS ONLINE - FREEDOM T-SHIRT,"[""3XL"", ""M"", ""L"", ""XL"", ""XXL""]",https://www.lazada.com.ph/products/pdp-i1492714459.html,https://img.lazcdn.com/g/p/21ca9f6269bd4ef7eaecf6a793756484.jpg_200x200q80.jpg,hghmnds,20260705_015629,3900,sold_lifetime,False,True,HGHMNDS ONLINE - FREEDOM T-SHIRT,True,T-Shirt
Lazada,4876877463,LEGIT HIGHMINDS CLOTHING “Own The Throne Collection”,,199.0,5050.0,96.1,,,,,0,0.0,0.0,0.0,0.0,0.0,"Graphic Print Short Sleeve cotton. 100 ORIGINAL. with HGHMNDS Etiketa and Hangtags. with HGHMNDS sticker. NO PAPERBAGS/PLASTICS INCLUDED. NO RETURN NO EXCHANGE. PLEASE SEE THE ACTUAL PHOTO POSTED. PS: All of our local merch is legit and original, purchased directly from the owner. We do not sell any fakes here. REMINDER: We advised our customers to take a video while opening the parcel until all items are released. No Return Exchange Replacement. For any lacking items without the proof. FOR WALK-IN BUYERS: Boutique location: 4756 Barangay Calios Sta. Cruz, Laguna beside 508 motors, Corner of Atdramm Village. Open daily: Monday to Saturday: 10:00am to 9:00pm. Sunday: 1:00pm to 9:00pm. LEGIT. LocalMerch. SupportLocal. Original. LEGITSELLER. FromTheSouth. 100 ORIGINAL. with HGHMNDS Etiketa and Hangtags. with HGHMNDS sticker. NO PAPERBAGS/PLASTICS INCLUDED. NO RETURN NO EXCHANGE. PLEASE SEE THE ACTUAL PHOTO POSTED. PS: All of our local merch is legit and original, purchased directly from t",Men's Clothing > Tops > T-Shirts & Tanks > LEGIT HIGHMINDS CLOTHING “Own The Throne Collection”,"[""Game On"", ""Limitless"", ""Established"", ""Spikes"", ""Carried Above Black"", ""Rat Snake"", ""Recorded"", ""Elevation Control"", ""No Drama"", ""Sound Fist"", ""XXL"", ""S"", ""M"", ""L"", ""XL""]",https://www.lazada.com.ph/products/pdp-i4876877463.html,https://img.lazcdn.com/g/p/2c0f4da7771934d8a4d2f6939914925a.jpg_200x200q80.jpg,highminds clothing,20260705_015629,0,sold_lifetime,True,False,LEGIT HIGHMINDS CLOTHING “Own The Throne Collection”,True,Other
Lazada,15440917621,₪LEGIT HIGHMINDS CLOTHING .2026,,199.0,6666.0,97.0,,,7.0,,0,0.0,0.0,0.0,0.0,0.0,"Regular Logo Casual 100 Cotton. Maligayang pagdating sa aming shop upang mamili. Salamat sa pagpasok sa aming shop sa panahon ng iyong abalang iskedyul. Magbibigay ang aming shop ng isang mahusay na serbisyo. Mangyaring din positibong puna. Tiyak na tatukoy at pagbutihin namin ang mga isyu sa produkto. Salamat sa iyong pag-unawa. Please Compare The Detail Sizes With Yours Before You Buy Or Please Feel Free To Contact Us For Help. s 45kg-50kg M 50kg-55kg L 55kg-58kg XL 58kg-65kg 2XL 65kg-70kg 3XL 70kg-80kg. Black T-shirt by Nick Automatic. printed front design. Ribbed crew neck collar. 100 cotton. Machine wash cold inside out, tumble dry low. Imported. Size Fit: Custom Fit-Asian size. DISCLAIMER: Shirt sizes are approximate and are measured as the overall width laying down flat. The actual size may vary as the products we sell are handmade or hand finished. Sizes/color may vary among different production lots of the same item. In some dying processes, fabrics may shrink or expand and it",Men's Clothing > Tops > T-Shirts & Tanks > ₪LEGIT HIGHMINDS CLOTHING .2026,"[""black3"", ""black6"", ""black2"", ""black1"", ""black5"", ""black4"", ""Int:L"", ""Int:2XL"", ""Int:XL"", ""Int:M"", ""Int:3XL"", ""Int:S""]",https://www.lazada.com.ph/products/pdp-i15440917621.html,https://img.lazcdn.com/g/p/64ec9ffb03bd1fd3f02ff5688ad1cfd0.jpg_200x200q80.jpg,highminds clothing,20260705_015629,7,sold_lifetime,True,False,₪LEGIT HIGHMINDS CLOTHING .2026,True,Other
Lazada,2345368724,HIGH MINDS Logo Shirt,,100.0,,,,,8.0,,0,0.0,0.0,0.0,0.0,0.0,"The High Minds Logo Shirt is a casual cotton oversized tee featuring a simple plain design. This short-sleeve men's top offers comfort in sizes M and XL, perfect for everyday wear with its relaxed fit and stylish High Minds logo. - Lazada",Men's Clothing > Tops > T-Shirts & Tanks > HIGH MINDS Logo Shirt,"[""M"", ""XL""]",https://www.lazada.com.ph/products/pdp-i2345368724.html,https://img.lazcdn.com/g/p/49ea4738553958394425aa1ef4082ffb.jpg_200x200q80.jpg,highminds clothing,20260705_015629,8,sold_lifetime,True,False,HIGH MINDS Logo Shirt,True,T-Shirt
Lazada,4488300362,"Nick Automatic x Highminds ""Ancient Serpent"" Black Official Collab T-Shirt",,207.0,4848.0,95.7,,,,5.0,1,1.0,0.0,0.0,0.0,0.0,NICK AUTOMATIC Graphic Short Sleeve cotton. A Premium product that is comfortable in everyday use. It has good air permeability. Unisex girls can boys can). Package Content: 1 x T-shirts. Size: There are 8 sizes XS/S/M/L/XL/2XL/3XL/4XL/5XL). available for the following listing. please allow 1-2cm differs due to manual measurement thanks All measurement in cm and please note 1cm-0.39inch). xOur store accepts any picture customization you can send the picture to us to customize your own clothes,"Men's Clothing > Tops > T-Shirts & Tanks > Nick Automatic x Highminds ""Ancient Serpent"" Black Official Collab T-Shirt","[""Int:3XL"", ""Int:M"", ""Int:L"", ""Int:XXL"", ""Int:S"", ""Int:XL""]",https://www.lazada.com.ph/products/pdp-i4488300362.html,https://img.lazcdn.com/g/p/427a47029e1cff4da23ee472debb0746.jpg_200x200q80.jpg,highminds clothing,20260705_015629,0,sold_lifetime,True,True,"Nick Automatic x Highminds ""Ancient Serpent"" Black Official Collab T-Shirt",True,T-Shirt
Lazada,4940598650,HGHMNDS ONLINE - FROM TRENCHES SHIRT(BLACK) Cotton Tshirt For man and females,,185.0,3838.0,95.2,,,,1.0,1,0.0,0.0,0.0,0.0,1.0,Regular Logo Casual 100 Cotton,Men's Clothing > Tops > T-Shirts & Tanks > HGHMNDS ONLINE - FROM TRENCHES SHIRT(BLACK) Cotton Tshirt For man and females,"[""Black"", ""S"", ""M"", ""L"", ""XL"", ""XXL"", ""3XL""]",https://www.lazada.com.ph/products/pdp-i4940598650.html,https://img.lazcdn.com/g/p/1a8235d6e391e3c0242f7ef759d5fa56.jpg_200x200q80.jpg,highminds clothing,20260705_015629,0,sold_lifetime,True,True,HGHMNDS ONLINE - FROM TRENCHES SHIRT(BLACK) Cotton Tshirt For man and females,True,T-Shirt
Lazada,5312440804,HGHMNDS ONLINE - OLIVE ASSAULT SHORTS,,319.99,,,,,19.0,5.0,3,3.0,0.0,0.0,0.0,0.0,High Cargo Waffle. Closure Type Drawstring. Size Type Normal Type. Hem Length Knee Length. Waist Height Mid Waist. Washing Instructions Hand Wash Only. Fit Loose-Fitting. Style Basic. Quantity Per Pack 1. Pattern Graphic. Materials Mesh. Brand HGHMNDS CLOTHING. Closure Type DrawstringSize Type Normal TypeHem Length Knee LengthWaist Height Mid WaistWashing Instructions Hand Wash OnlyFit Loose-FittingStyle BasicQuantity Per Pack 1Pattern GraphicMaterials MeshBrand HGHMNDS CLOTHING,Men's Clothing > Bottoms > Short > HGHMNDS ONLINE - OLIVE ASSAULT SHORTS,"[""DK64EIREOPO"", ""S"", ""M"", ""L"", ""XL"", ""2XL"", ""3XL""]",https://www.lazada.com.ph/products/pdp-i5312440804.html,https://img.lazcdn.com/g/p/8f971d6456d44068976cffecb14dcea2.jpg_200x200q80.jpg,highminds clothing,20260705_015629,19,sold_lifetime,False,True,HGHMNDS ONLINE - OLIVE ASSAULT SHORTS,True,Other
Lazada,5145795227,HGHMNDS CLO. - Daruma Shirt .2025,,199.0,7373.0,97.3,,,,1.0,1,0.0,0.0,0.0,0.0,1.0,Graphic Print cotton. Official HIGH MINDS CLOTHING product. HGHMNDS CLOTHING is an independent PH streetwear brand that aims to uplift and inspire the masses. Superior quality goods. Official HIGH MINDS CLOTHING product. HGHMNDS CLOTHING is an independent PH streetwear brand that aims to uplift and inspire the masses. Superior quality goods,Men's Clothing > Tops > T-Shirts & Tanks > HGHMNDS CLO. - Daruma Shirt .2025,"[""M"", ""L"", ""XL"", ""XXL"", ""XXXL""]",https://www.lazada.com.ph/products/pdp-i5145795227.html,https://img.lazcdn.com/g/p/b5c2440c6f873930e773776676b2cccc.jpg_200x200q80.jpg,highminds clothing,20260705_015629,0,sold_lifetime,True,True,HGHMNDS CLO. - Daruma Shirt .2025,True,T-Shirt
Lazada,4667781111,HGHMNDS CLO. Logo Alliance Shirt Medisina,,207.0,7777.0,97.3,,,5.0,5.0,2,2.0,0.0,0.0,0.0,0.0,"HGHMNDS CLOTHING Logo Alliance Shirt - A casual, regular fit cotton graphic short sleeve shirt for men. Featuring a scoop neck and silk screen printed design, this official High Minds Clothing product uplifts and inspires with its streetwear style. - Lazada",Men's Clothing > Tops > T-Shirts & Tanks > HGHMNDS CLO. Logo Alliance Shirt Medisina,"[""1"", ""2"", ""3"", ""4"", ""5"", ""6"", ""7"", ""8"", ""XL"", ""S"", ""M"", ""L"", ""XXL"", ""3XL"", ""4XL""]",https://www.lazada.com.ph/products/pdp-i4667781111.html,https://img.lazcdn.com/g/p/bed1af6637b143786298502aac12d785.jpg_200x200q80.jpg,highminds clothing,20260705_015629,5,sold_lifetime,True,True,HGHMNDS CLO. Logo Alliance Shirt Medisina,True,T-Shirt
Lazada,15497588547,HGHMNDS ONLINE - SKETCHUP TANKTOP,,800.0,,,,,7.0,,0,0.0,0.0,0.0,0.0,0.0,"HGHMNDS ONLINE - SKETCHUP TANKTOPLife is a drama series. Laugh and cry all you want, just make sure it’s real and not for show. PRODUCT DETAILSRegular Sleeveless Shirt with Cotton Blend Ribbing Silkscreen Graphic PrintCotton and Polyester Blend (245 gsm)Official HIGH MINDS CLOTHING product.HGHMNDS CLOTHING is an independent PH streetwear brand that aims to uplift and inspire the masses.Superior quality goods.",Men's Clothing > Tops > T-Shirts & Tanks > HGHMNDS ONLINE - SKETCHUP TANKTOP,"[""XS"", ""S"", ""M"", ""L"", ""XL"", ""XXL"", ""3XL""]",https://www.lazada.com.ph/products/pdp-i15497588547.html,https://img.lazcdn.com/g/p/0e5f8c9bdcd9840ae35bbd9c5433a3e4.jpg_200x200q80.jpg,highminds clothing,20260705_015629,7,sold_lifetime,False,False,HGHMNDS ONLINE - SKETCHUP TANKTOP,True,Tanktop
Lazada,5392826165,HGHMNDS CLO. - DEFENDER QUEEN,,199.0,6767.0,97.1,,,,,0,0.0,0.0,0.0,0.0,0.0,"Graphic Regular Casual Polyester. HGHMNDS CLO. DEFENDER QUEEN. If it serves your purpose, go and fight for it. Untimely death is not an option. COTTON AND POLYESTER BLEND 245 GSM). Official HIGH MINDS CLOTHING product. HGHMNDS CLOTHING is an independent PH streetwear brand that aims to uplift and inspire the masses. Superior quality goods. HGHMNDS CLO. DEFENDER QUEEN. If it serves your purpose, go and fight for it. Untimely death is not an option. COTTON AND POLYESTER BLEND 245 GSM. Official HIGH MINDS CLOTHING product. HGHMNDS CLOTHING is an independent PH streetwear brand that aims to uplift and inspire the masses. Superior quality goods",Men's Clothing > Tops > T-Shirts & Tanks > HGHMNDS CLO. - DEFENDER QUEEN,"[""Black"", ""Red"", ""XL"", ""Blue"", ""Green"", ""Orange"", ""Purple"", ""White"", ""Grey"", ""Pink"", ""M"", ""L"", ""XL"", ""XXL"", ""S"", ""3XL"", ""4XL""]",https://www.lazada.com.ph/products/pdp-i5392826165.html,https://img.lazcdn.com/g/p/bbafcb44277f73ad04eb87fa4dea44ab.jpg_200x200q80.jpg,highminds clothing,20260705_015629,0,sold_lifetime,True,False,HGHMNDS CLO. - DEFENDER QUEEN,True,Other
Lazada,4638438825,HGHMNDS CLO. - ITALIC GREEN,,207.0,7474.0,97.2,,,10.0,,0,0.0,0.0,0.0,0.0,0.0,"Graphic Print cotton. HGHMNDS CLO. ITALIC GREEN. Keep your green trimmings loud, proud and screaming. with our name on it. COTTON AND POLYESTER BLEND 245 GSM). OfficialHIGHMINDSCLOTHINGproduct. HGHMNDSCLOTHINGisanindependentPHstreetwearbrandthataimstoupliftandinspirethemasses. Superiorqualitygoods. HGHMNDS CLO. ITALIC GREEN. Keep your green trimmings loud, proud and screaming. with our name on it. COTTON AND POLYESTER BLEND 245 GSM). Official HIGH MINDS CLOTHING product. HGHMNDS CLOTHING is an independent PH streetwear brand that aims to uplift and inspire the masses. Superior quality goods",Men's Clothing > Tops > T-Shirts & Tanks > HGHMNDS CLO. - ITALIC GREEN,"[""XS"", ""S"", ""M"", ""L"", ""XL"", ""XXL"", ""XXXL""]",https://www.lazada.com.ph/products/pdp-i4638438825.html,https://img.lazcdn.com/g/p/2afe97b84fc09726ffa72181f3f20c5d.jpg_200x200q80.jpg,highminds clothing,20260705_015629,10,sold_lifetime,True,False,HGHMNDS CLO. - ITALIC GREEN,True,Other
Lazada,3495073558,HGHMNDS - THANKFUL DAILY,,750.0,,,,,601.0,5.0,140,140.0,0.0,0.0,0.0,0.0,Buy HGHMNDS - THANKFUL DAILY online at Lazada Philippines. Discount prices and promotional sale on all Tops. Free Shipping.,Men's Clothing > Tops > T-Shirts & Tanks > HGHMNDS - THANKFUL DAILY,"[""M"", ""L"", ""XL"", ""XXL"", ""3XL""]",https://www.lazada.com.ph/products/pdp-i3495073558.html,https://img.lazcdn.com/g/p/8a19b7ab10fdabad1018276498edb2bd.png_200x200q80.png,highminds clothing,20260705_015629,601,sold_lifetime,False,True,HGHMNDS - THANKFUL DAILY,True,Other
Lazada,4225930903,HGHMNDS -13TH MASK,,750.0,,,,,531.0,5.0,242,237.0,2.0,1.0,1.0,1.0,"HGHMNDS - 13TH MASKWith his hideous mug concealed, you ain't seen the definition of pure evil just yet. COTTON AND POLYESTER BLEND (245 GSM) SILKSCREEN PRINTED DESIGN",Men's Clothing > Tops > T-Shirts & Tanks > HGHMNDS -13TH MASK,"[""M"", ""L"", ""XL"", ""XXL"", ""3XL""]",https://www.lazada.com.ph/products/pdp-i4225930903.html,https://img.lazcdn.com/g/p/5a1a6e80a901fe53f019cf56bf705b45.jpg_200x200q80.jpg,highminds clothing,20260705_015629,531,sold_lifetime,False,True,HGHMNDS -13TH MASK,True,Other
Lazada,4583284428,HGHMNDS CLO. - Burn Rubber,,750.0,,,,,116.0,5.0,42,42.0,0.0,0.0,0.0,0.0,HGHMNDS CLO. - Burn RubberLet your wheels do the talking. Drown out unwanted street static. COTTON AND POLYESTER BLEND (245 GSM)Official HIGH MINDS CLOTHING product.HGHMNDS CLOTHING is an independent PH streetwear brand that aims to uplift and inspire the masses.Superior quality goods.,Men's Clothing > Tops > T-Shirts & Tanks > HGHMNDS CLO. - Burn Rubber,"[""M"", ""L"", ""XL"", ""XXL"", ""3XL""]",https://www.lazada.com.ph/products/pdp-i4583284428.html,https://img.lazcdn.com/g/p/40d0deaab3ade9fdb0a7d99230b1aee3.jpg_200x200q80.jpg,highminds clothing,20260705_015629,116,sold_lifetime,False,True,HGHMNDS CLO. - Burn Rubber,True,Other
Lazada,15538722101,HGHMNDS CLO. - PALAG,,488.0,,,,,,,0,0.0,0.0,0.0,0.0,0.0,&lt;html&gt;&lt;head&gt;&lt;/head&gt;&lt;body&gt;HGHMNDS CLO. - PALAGOfficial HIGH MINDS CLOTHING product.HGHMNDS CLOTHING is an independent PH streetwear brand that aims to uplift and inspire the masses.Superior quality goods. &lt;/body&gt;&lt;/html&gt;,"Stationery, Craft & Gift Cards > Idol Merchandise > HGHMNDS CLO. - PALAG","[""Int:XS"", ""Int:3XL"", ""Int:2XL"", ""Int:XL"", ""Int:L"", ""Int:M"", ""Int:S""]",https://www.lazada.com.ph/products/pdp-i15538722101.html,https://img.lazcdn.com/g/p/a554453955ebbb4a59806a627af2b3fd.jpg_200x200q80.jpg,highminds clothing,20260705_015629,0,sold_lifetime,False,False,HGHMNDS CLO. - PALAG,True,Other
Lazada,15536557630,HGHMNDS CLO. - CHESTPIECE LOGO SHIRT WHITE,,500.0,,,,,,,0,0.0,0.0,0.0,0.0,0.0,HGHMNDS CLO. - CHESTPIECE LOGO SHIRT WHITEKeep our name close to the heart. Make it scream without saying a word.COTTON AND POLYESTER BLEND (245 GSM)Official HIGH MINDS CLOTHING product.HGHMNDS CLOTHING is an independent PH streetwear brand that aims to uplift and inspire the masses.Superior quality goods.&lt;html&gt;&lt;head&gt;&lt;/head&gt;&lt;body&gt;HGHMNDS CLO. - CHESTPIECE LOGO SHIRT WHITEKeep our name close to the heart. Make it scream without saying a word.COTTON AND POLYESTER BLEND (245 GSM)Official HIGH MINDS CLOTHING product.HGHMNDS CLOTHING is an independent PH streetwear brand that aims to uplift and inspire the masses.Superior quality goods.&lt;/body&gt;&lt;/html&gt;,"Kids' Fashion > Kids' Clothing > Boy's Clothing > Tops > Tops, Tees & Polos > HGHMNDS CLO. - CHESTPIECE LOGO SHIRT WHITE","[""L"", ""XL"", ""2XL"", ""3XL"", ""XS"", ""S"", ""M"", ""White""]",https://www.lazada.com.ph/products/pdp-i15536557630.html,https://img.lazcdn.com/g/p/cea574926842c19e95ebfae84db876da.jpg_200x200q80.jpg,highminds clothing,20260705_015629,0,sold_lifetime,False,False,HGHMNDS CLO. - CHESTPIECE LOGO SHIRT WHITE,True,T-Shirt
Lazada,15416536849,（COD）HGHMNDS - DECLINE SHIRT-PRINT TEE-PURE COTTON TEE-high quality fabric and print-pure cotton t shirt-403,,364.24,4242.0,91.4,,,12.0,5.0,4,4.0,0.0,0.0,0.0,0.0,printed Regular Casual 100 Cotton,Men's Clothing > Tops > T-Shirts & Tanks > （COD）HGHMNDS - DECLINE SHIRT-PRINT TEE-PURE COTTON TEE-high quality fabric and print-pure cotton t shirt-403,"[""Black403"", ""Black101"", ""S"", ""M"", ""L"", ""XL"", ""XXL"", ""3XL""]",https://www.lazada.com.ph/products/pdp-i15416536849.html,https://img.lazcdn.com/g/p/7a28a40dc35752aa307e1511dd62bc83.jpg_200x200q80.jpg,highminds clothing,20260705_015629,12,sold_lifetime,True,True,（COD）HGHMNDS - DECLINE SHIRT-PRINT TEE-PURE COTTON TEE-high quality fabric and print-pure cotton t shirt-403,True,T-Shirt
Lazada,5407838159,HGHMNDS ONLINE - EX STATIC JERSEY,,339.99,,,,,8.0,,0,1.0,0.0,0.0,0.0,0.0,Graphic Mesh. Size Type Normal Type. Style Basic. Washing Instructions Hand Wash Only. Materials Mesh. Quantity Per Pack 1. Fit Loose-Fitting. Pattern Graphic. Brand HGHMNDS ONLINE. Size Type Normal TypeStyle BasicWashing Instructions Hand Wash OnlyMaterials MeshQuantity Per Pack 1Fit Loose-FittingPattern GraphicBrand HGHMNDS ONLINE,Sports Shoes and Clothing > Men's Sports Clothing > Jersey > HGHMNDS ONLINE - EX STATIC JERSEY,"[""BXGTRSKWIOH"", ""S"", ""M"", ""L"", ""XL"", ""2XL"", ""3XL""]",https://www.lazada.com.ph/products/pdp-i5407838159.html,https://img.lazcdn.com/g/p/3a6784c5c6aa8cd9db6d0258b52e86f4.jpg_200x200q80.jpg,highminds clothing,20260705_015629,8,sold_lifetime,False,False,HGHMNDS ONLINE - EX STATIC JERSEY,True,Jersey
Lazada,4906365552,HGHMNDS CLO. - Victory Emblems Longsleeves,,900.0,,,,,42.0,4.8,16,15.0,0.0,0.0,0.0,1.0,HGHMNDS CLO. - VICTORY EMBLEMS RIDING JERSEYSo many signs on the road… each one of them represents our constant elevation. Official HIGH MINDS CLOTHING product.HGHMNDS CLOTHING is an independent PH streetwear brand that aims to uplift and inspire the masses.Superior quality goods.,Automotive > Motorcycles > Riding Gear > Racing Suits > HGHMNDS CLO. - Victory Emblems Longsleeves,"[""l"", ""M"", ""XXL"", ""3XL"", ""XL""]",https://www.lazada.com.ph/products/pdp-i4906365552.html,https://img.lazcdn.com/g/p/dc1bf14b26ae6e906a3341823443d748.jpg_200x200q80.jpg,highminds clothing,20260705_015629,42,sold_lifetime,False,True,HGHMNDS CLO. - Victory Emblems Longsleeves,True,Longsleeves
Lazada,15525332435,HGHMNDS CLO. - EVOLUTION LONGSLEEVES,,1000.0,,,,,,,0,0.0,0.0,0.0,0.0,0.0,"HGHMNDS ONLINE - EVOLUTION LONGSLEEVESChange is inevitable, an unstoppable force. The one thing that’s always constant. PRODUCT DETAILSRegular CVC Longsleeves With Cotton Blend RibbingSilkscreen Graphic PrintOfficial HIGH MINDS CLOTHING product.HGHMNDS CLOTHING is an independent PH streetwear brand that aims to uplift and inspire the masses.Superior quality goods.",Men's Clothing > Tops > Shirts > HGHMNDS CLO. - EVOLUTION LONGSLEEVES,"[""XS"", ""S"", ""M"", ""L"", ""XL"", ""XXL"", ""3XL""]",https://www.lazada.com.ph/products/pdp-i15525332435.html,https://img.lazcdn.com/g/p/9ded1df36045f52cc1d6755c4b588ca3.jpg_200x200q80.jpg,highminds clothing,20260705_015629,0,sold_lifetime,False,False,HGHMNDS CLO. - EVOLUTION LONGSLEEVES,True,Longsleeves
Lazada,15538578818,HGHMNDS CLO. - Hard Days Shirt,,469.0,,,,,,,0,0.0,0.0,0.0,0.0,0.0,Official HIGH MINDS CLOTHING product.HGHMNDS CLOTHING is an independent PH streetwear brand that aims to uplift and inspire the masses.Superior quality goods.&lt;html&gt;&lt;head&gt;&lt;/head&gt;&lt;body&gt;Official HIGH MINDS CLOTHING product.HGHMNDS CLOTHING is an independent PH streetwear brand that aims to uplift and inspire the masses.Superior quality goods.&lt;/body&gt;&lt;/html&gt;,Men's Clothing > Tops > Shirts > HGHMNDS CLO. - Hard Days Shirt,"[""2XL"", ""3XL"", ""L"", ""XL"", ""S"", ""M"", ""XS""]",https://www.lazada.com.ph/products/pdp-i15538578818.html,https://img.lazcdn.com/g/p/54ba5121ef661fb76cb5ac63e5ce613a.jpg_200x200q80.jpg,highminds clothing,20260705_015629,0,sold_lifetime,False,False,HGHMNDS CLO. - Hard Days Shirt,True,T-Shirt
Lazada,15538211737,HGHMNDS CLO. - Grenades Shirt,,479.0,,,,,,,0,0.0,0.0,0.0,0.0,0.0,Official HIGH MINDS CLOTHING product.HGHMNDS CLOTHING is an independent PH streetwear brand that aims to uplift and inspire the masses.Superior quality goods.&lt;html&gt;&lt;head&gt;&lt;/head&gt;&lt;body&gt;Official HIGH MINDS CLOTHING product.HGHMNDS CLOTHING is an independent PH streetwear brand that aims to uplift and inspire the masses.Superior quality goods.&lt;/body&gt;&lt;/html&gt;,Men's Clothing > Tops > Shirts > HGHMNDS CLO. - Grenades Shirt,"[""L"", ""XL"", ""S"", ""M"", ""XS"", ""2XL"", ""3XL""]",https://www.lazada.com.ph/products/pdp-i15538211737.html,https://img.lazcdn.com/g/p/0e592357b95d06cc7a626117f4151ad4.jpg_200x200q80.jpg,highminds clothing,20260705_015629,0,sold_lifetime,False,False,HGHMNDS CLO. - Grenades Shirt,True,T-Shirt
Lazada,5268241607,HGHMNDS ONLINE - HEART LOCATOR SHIRT,,750.0,,,,,52.0,5.0,23,24.0,0.0,0.0,0.0,0.0,"HGHMNDS ONLINE - HEART LOCATOR SHIRTThere is no shortage of pure and raw emotion. In fact, it runs the city, honed like pure energy.COTTON AND POLYESTER BLEND (245 GSM)Official HIGH MINDS CLOTHING product.HGHMNDS CLOTHING is an independent PH streetwear brand that aims to uplift and inspire the masses.Superior quality goods.",Men's Clothing > Tops > T-Shirts & Tanks > HGHMNDS ONLINE - HEART LOCATOR SHIRT,"[""XS"", ""S"", ""M"", ""L"", ""XL"", ""XXL"", ""3XL""]",https://www.lazada.com.ph/products/pdp-i5268241607.html,https://img.lazcdn.com/g/p/d7bc564bf8347c036fd43f261fa6a5b6.jpg_200x200q80.jpg,highminds clothing,20260705_015629,52,sold_lifetime,False,True,HGHMNDS ONLINE - HEART LOCATOR SHIRT,True,T-Shirt
Lazada,3279686200,HGHMNDS - PEACE OVER ALL,,750.0,,,,,1000.0,4.9,265,260.0,2.0,1.0,1.0,2.0,Buy HGHMNDS - PEACE OVER ALL online at Lazada Philippines. Discount prices and promotional sale on all Tops. Free Shipping.,Men's Clothing > Tops > T-Shirts & Tanks > HGHMNDS - PEACE OVER ALL,"[""M"", ""L"", ""XL"", ""XXL"", ""3XL""]",https://www.lazada.com.ph/products/pdp-i3279686200.html,https://img.lazcdn.com/g/p/27e14adb2b9db94f7592a1c01d32c465.jpg_200x200q80.jpg,highminds clothing,20260705_015629,1000,sold_lifetime,False,True,HGHMNDS - PEACE OVER ALL,True,Other
Lazada,5347103441,HGHMNDS ONLINE - STREET RAISED HOODIE,,1800.0,,,,,21.0,5.0,10,10.0,0.0,0.0,0.0,0.0,"HGHMNDS ONLINE - STREET RAISED HOODIETThis is for those who’ve learned the hard way. No hand outs, all hard work… street knowledge intact. .CHINA FLEECE FABRIC (400 GSM)Official HIGH MINDS CLOTHING product.HGHMNDS CLOTHING is an independent PH streetwear brand that aims to uplift and inspire the masses.Superior quality goods.",Men's Clothing > Tops > Hoodies & Sweatshirts > HGHMNDS ONLINE - STREET RAISED HOODIE,"[""XS"", ""S"", ""M"", ""L"", ""XL"", ""XXL"", ""3XL""]",https://www.lazada.com.ph/products/pdp-i5347103441.html,https://img.lazcdn.com/g/p/ca82a17606ca9013a47fc736277e5a11.jpg_200x200q80.jpg,highminds clothing,20260705_015629,21,sold_lifetime,False,True,HGHMNDS ONLINE - STREET RAISED HOODIE,True,Hoodie/Sweatshirt
Lazada,3327978007,HGHMNDS - MILLIONS,,750.0,,,,,1300.0,5.0,370,367.0,1.0,1.0,0.0,1.0,Buy HGHMNDS - MILLIONS online at Lazada Philippines. Discount prices and promotional sale on all Tops. Free Shipping.,Men's Clothing > Tops > T-Shirts & Tanks > HGHMNDS - MILLIONS,"[""M"", ""L"", ""XL"", ""XXL"", ""3XL""]",https://www.lazada.com.ph/products/pdp-i3327978007.html,https://img.lazcdn.com/g/p/9fe7641688a9d5c2d89026693901d315.jpg_200x200q80.jpg,highminds clothing,20260705_015629,1300,sold_lifetime,False,True,HGHMNDS - MILLIONS,True,Other
Lazada,15482826980,HGHMNDS ONLINE - FUTURISTIC SHIRT,,850.0,,,,,6.0,5.0,3,3.0,0.0,0.0,0.0,0.0,HGHMNDS ONLINE - FUTURISTIC SHIRTOf futuristic dreams and galactic war cries… Get your retro gaming mind on lock! PRODUCT DETAILSBox T-Shirt with Cotton Blend Ribbing Silkscreen Print GraphicCOTTON AND POLYESTER BLEND (245 GSM)Official HIGH MINDS CLOTHING product.HGHMNDS CLOTHING is an independent PH streetwear brand that aims to uplift and inspire the masses.Superior quality goods.,Men's Clothing > Tops > T-Shirts & Tanks > HGHMNDS ONLINE - FUTURISTIC SHIRT,"[""XS"", ""S"", ""M"", ""L"", ""XL"", ""XXL"", ""3XL""]",https://www.lazada.com.ph/products/pdp-i15482826980.html,https://img.lazcdn.com/g/p/5d8dfd9c357902015b182a2577f35e51.jpg_200x200q80.jpg,highminds clothing,20260705_015629,6,sold_lifetime,False,True,HGHMNDS ONLINE - FUTURISTIC SHIRT,True,T-Shirt
Lazada,15524869448,HGHMNDS ONLINE - ARC LETTER GRAY,,850.0,,,,,,,0,0.0,0.0,0.0,0.0,0.0,"HGHMNDS ONLINE - ARC LETTER GRAYHeavy on the letters, light on the fit. The perfect daily pair. PRODUCT DESCRIPTIONPolyester Blend Mesh Shorts with Lining / Garterized Waistband with DrawstringOfficial HIGH MINDS CLOTHING product.HGHMNDS CLOTHING is an independent PH streetwear brand that aims to uplift and inspire the masses.Superior quality goods.",Men's Clothing > Bottoms > Short > HGHMNDS ONLINE - ARC LETTER GRAY,"[""XS"", ""S"", ""M"", ""L"", ""XL"", ""XXL"", ""3XL""]",https://www.lazada.com.ph/products/pdp-i15524869448.html,https://img.lazcdn.com/g/p/e03c74a0c466fc51b8791a71abeee26a.jpg_200x200q80.jpg,highminds clothing,20260705_015629,0,sold_lifetime,False,False,HGHMNDS ONLINE - ARC LETTER GRAY,True,Other
Lazada,5317558574,HGHMNDS CLO - THUNDERSTRUCK COLORED,,850.0,,,,,16.0,,5,,,,,,,,,https://www.lazada.com.ph/products/pdp-i5317558574.html,https://img.lazcdn.com/g/p/aeeeee4ac25f1fa134adb520c1bd00a9.jpg_200x200q80.jpg,highminds clothing,20260705_015629,16,sold_lifetime,False,True,HGHMNDS CLO - THUNDERSTRUCK COLORED,True,Other
Lazada,5141470804,HGHMNDS ONLINE - DECLINE SHIRT,,199.0,6161.0,96.8,,,35.0,4.7,20,18.0,0.0,0.0,1.0,1.0,"Short Sleeve Graphic Graphic Print Casual cotton. Official HIGH MINDS CLOTHING product. HGHMNDS CLOTHING is an independent PH streetwear brand that aims to uplift and inspire the masses. Superior quality goods. Material: 35 Cotton, 65 Polyester",,"[""black"", ""white"", ""Grey"", ""blue"", ""Orange"", ""purple"", ""red"", ""green"", ""pink"", ""S"", ""M"", ""L"", ""XL"", ""2XL"", ""3XL"", ""4XL""]",https://www.lazada.com.ph/products/pdp-i5141470804.html,https://img.lazcdn.com/g/p/b809953ccbab935c1af93b18e32dec74.jpg_200x200q80.jpg,high minds clothing,20260705_015629,35,sold_lifetime,True,True,HGHMNDS ONLINE - DECLINE SHIRT,True,T-Shirt
Lazada,4467099914,HGHMNDS CLO. - BLISSFUL,,207.0,7777.0,97.3,,,34.0,3.4,10,6.0,0.0,0.0,0.0,4.0,Plain streetwear Cotton. HGHMNDS CLO. BLISSFUL. Take on the wings of destiny with every generous inhale. COTTON AND POLYESTER BLEND 245 GSM). OfficialHIGHMINDSCLOTHINGproduct. HGHMNDSCLOTHINGisanindependentPHstreetwearbrandthataimstoupliftandinspirethemasses. Superiorqualitygoods. HGHMNDS CLO. BLISSFUL. Take on the wings of destiny with every generous inhale. COTTON AND POLYESTER BLEND 245 GSM). Official HIGH MINDS CLOTHING product. HGHMNDS CLOTHING is an independent PH streetwear brand that aims to uplift and inspire the masses. Superior quality goods,Men's Clothing > Tops > T-Shirts & Tanks > HGHMNDS CLO. - BLISSFUL,"[""XS"", ""S"", ""M"", ""L"", ""XL"", ""2XL"", ""3XL""]",https://www.lazada.com.ph/products/pdp-i4467099914.html,https://img.lazcdn.com/g/p/04b3ac4ab345d11947b127452a85cea5.jpg_200x200q80.jpg,high minds clothing,20260705_015629,34,sold_lifetime,True,True,HGHMNDS CLO. - BLISSFUL,True,Other
Lazada,15389465328,HIGHMINDS CLOTHING V7 INSPIRED OVERSIZED TSHIRT DESIGN Men's Tops - T-shirts Menswear Print .C,,199.0,7777.0,97.4,,,,3.0,1,0.0,0.0,1.0,0.0,0.0,Regular All Over Print Street Cotton Blend. LIMITED STOCKS ONLY. COD COD COD!. AVAILABLE SIZES: S to 5XL-UNISEX. A3 size design BACK. A4 size design front. RUBBER RIZE HIGH QUALITY PRINT. 220GSM KAPAL NG TELA. QUALITY ANG TAHI. SOBRANG TIBAY NG TATAK. HINDI NA TUTUKLAP. COD COD COD!. ROKSI NA MGA BOSS. LIMITED STOCKS ONLY. COD COD COD. AVAILABLE SIZES: S to 5XL-UNISEX. A3 size design BACK. A4 size design front. RUBBER RIZE HIGH QUALITY PRINT. 220GSM KAPAL NG TELA. QUALITY ANG TAHI. SOBRANG TIBAY NG TATAK. HINDI NA TUTUKLAP. COD COD COD. ROKSI NA MGA BOSS,Men's Clothing > Tops > T-Shirts & Tanks > HIGHMINDS CLOTHING V7 INSPIRED OVERSIZED TSHIRT DESIGN Men's Tops - T-shirts Menswear Print .C,"[""HMD7-BLACK"", ""HMD7-BLUE"", ""HMD7-GREEN"", ""HMD7-KAKI"", ""HMD7-PINK"", ""HMD7-RED"", ""HMD7-WHITE"", ""HMD7-YELLOW"", ""M"", ""L"", ""XL"", ""XXL"", ""S"", ""3XL"", ""4XL""]",https://www.lazada.com.ph/products/pdp-i15389465328.html,https://img.lazcdn.com/g/p/d32dda1ac467f222dde221d27e74bb9a.jpg_200x200q80.jpg,high minds clothing,20260705_015629,0,sold_lifetime,True,True,HIGHMINDS CLOTHING V7 INSPIRED OVERSIZED TSHIRT DESIGN Men's Tops - T-shirts Menswear Print .C,True,T-Shirt
Lazada,2706587938,HIGH MINDS T-SHIRTS WITH FREE STICKER,,207.0,4848.0,95.7,,,9.0,4.0,1,0.0,1.0,0.0,0.0,0.0,1 Graphic 100 Cotton,Men's Clothing > Tops > T-Shirts & Tanks > HIGH MINDS T-SHIRTS WITH FREE STICKER,"[""Black"", ""White"", ""Pink"", ""Blue"", ""Green"", ""Yellow"", ""Orange"", ""Red"", ""Grey"", ""Purple"", ""S"", ""XL"", ""XXL"", ""M"", ""L"", ""3XL"", ""4XL""]",https://www.lazada.com.ph/products/pdp-i2706587938.html,https://img.lazcdn.com/g/p/b72fa9cddd29ce8f583ae8d35d8db8ad.jpg_200x200q80.jpg,high minds clothing,20260705_015629,9,sold_lifetime,True,True,HIGH MINDS T-SHIRTS WITH FREE STICKER,True,T-Shirt
Lazada,4694144206,HGHMNDS CLO. - STEEL WORKS，,,207.0,7676.0,97.3,,,175.0,4.8,114,109.0,0.0,0.0,1.0,4.0,"Guhit Short Sleeve Casual cotton. HGHMNDS CLO. STEEL WORKS. Made for battle, designed for triumph. Time makes the warrior. COTTON AND POLYESTER BLEND 245 GSM). OfficialHIGHMINDSCLOTHINGproduct. HGHMNDSCLOTHINGisanindependentPHstreetwearbrandthataimstoupliftandinspirethemasses. Superiorqualitygoods. HGHMNDS CLO. STEEL WORKS. tMade for battle, designed for triumph. Time makes the warrior. COTTON AND POLYESTER BLEND 245 GSM). Official HIGH MINDS CLOTHING product. HGHMNDS CLOTHING is an independent PH streetwear brand that aims to uplift and inspire the masses. Superior quality goods",,"[""white"", ""white1"", ""gray"", ""red"", ""red1"", ""black10"", ""black"", ""black1"", ""black2"", ""black3"", ""black4"", ""black5"", ""black6"", ""black7"", ""black8"", ""black9"", ""S"", ""M"", ""L"", ""XL"", ""2XL"", ""3XL""]",https://www.lazada.com.ph/products/pdp-i4694144206.html,https://img.lazcdn.com/g/p/42bad4101fec87aaabd4e5c5dd9ea9f4.jpg_200x200q80.jpg,high minds clothing,20260705_015629,175,sold_lifetime,True,True,HGHMNDS CLO. - STEEL WORKS，,True,T-Shirt
Lazada,4638852914,HGHMNDS CLO. - From Trenches Shirt,,207.0,7272.0,97.2,,,12.0,1.0,1,0.0,0.0,0.0,0.0,1.0,Graphic 100 Cotton. Official HIGH MINDS CLOTHING product. HGHMNDS CLOTHING is an independent PH streetwear brand that aims to uplift and inspire the masses. Superior quality goods. Official HIGH MINDS CLOTHING product. HGHMNDS CLOTHING is an independent PH streetwear brand that aims to uplift and inspire the masses. Superior quality goods,Men's Clothing > Tops > T-Shirts & Tanks > HGHMNDS CLO. - From Trenches Shirt,"[""XS"", ""S"", ""M"", ""L"", ""XL"", ""XXL"", ""XXXL""]",https://www.lazada.com.ph/products/pdp-i4638852914.html,https://img.lazcdn.com/g/p/06a3c25b30ac54285918707712cebb56.jpg_200x200q80.jpg,high minds clothing,20260705_015629,12,sold_lifetime,True,True,HGHMNDS CLO. - From Trenches Shirt,True,T-Shirt
Lazada,5017128132,HGHMNDS CLO. - IVORY LONGSLEEVES,,500.0,,,,,163.0,4.9,68,65.0,2.0,0.0,1.0,0.0,HGHMNDS CLO. - IVORY LONGSLEEVESThe perfect plain go-to shirts to keep you extra warm without the loud prints.COTTON AND POLYESTER BLEND (245 GSM)Official HIGH MINDS CLOTHING product.HGHMNDS CLOTHING is an independent PH streetwear brand that aims to uplift and inspire the masses.Superior quality goods.,Men's Clothing > Tops > T-Shirts & Tanks > HGHMNDS CLO. - IVORY LONGSLEEVES,"[""M"", ""L"", ""XL"", ""XXL"", ""3XL""]",https://www.lazada.com.ph/products/pdp-i5017128132.html,https://img.lazcdn.com/g/p/7a477df112bafba6960bf43e4772c053.jpg_200x200q80.jpg,high minds clothing,20260705_015629,163,sold_lifetime,False,True,HGHMNDS CLO. - IVORY LONGSLEEVES,True,Longsleeves
Lazada,15432795010,High Minds Clothing-HGHMNDS- COTTON PRINT TEE-streetwear T SHIRT-100% COTTON T SHIRT,,364.24,4242.0,91.4,,,,,0,0.0,0.0,0.0,0.0,0.0,Regular All Over Print Street 100 Cotton,Men's Clothing > Tops > T-Shirts & Tanks > High Minds Clothing-HGHMNDS- COTTON PRINT TEE-streetwear T SHIRT-100% COTTON T SHIRT,"[""1"", ""2"", ""3"", ""4"", ""5"", ""6"", ""7"", ""8"", ""S"", ""M"", ""L"", ""XL"", ""2XL"", ""3XL""]",https://www.lazada.com.ph/products/pdp-i15432795010.html,https://img.lazcdn.com/g/p/cb9a9faa61b904f4815b1020d5f83747.jpg_webp_200x200q80.jpg,high minds clothing,20260705_015629,0,sold_lifetime,True,False,High Minds Clothing-HGHMNDS- COTTON PRINT TEE-streetwear T SHIRT-100% COTTON T SHIRT,True,T-Shirt
Lazada,4226087113,HGHMNDS - WIRE THERAPY,,750.0,,,,,244.0,5.0,95,94.0,1.0,0.0,0.0,0.0,HGHMNDS -WIRE THERAPY Designed to hurt and injure. The pain will never go away. COTTON AND POLYESTER BLEND (245 GSM) SILKSCREEN PRINTED DESIGN,Men's Clothing > Tops > T-Shirts & Tanks > HGHMNDS - WIRE THERAPY,"[""M"", ""L"", ""XL"", ""XXL"", ""3XL""]",https://www.lazada.com.ph/products/pdp-i4226087113.html,https://img.lazcdn.com/g/p/aa10fcb038ebb5a29ae748a5e4c47bcf.jpg_200x200q80.jpg,high minds clothing,20260705_015629,244,sold_lifetime,False,True,HGHMNDS - WIRE THERAPY,True,Other
Lazada,5205129245,HGHMNDS CLO. - MANIFEST,,199.0,6363.0,96.9,,,6.0,,0,0.0,0.0,0.0,0.0,0.0,"Graphic cotton. Official HIGH MINDS CLOTHING product. HGHMNDS CLOTHING is an independent PH streetwear brand that aims to uplift and inspire the masses. Superior quality goods. Material: 35 Cotton, 65 Polyester. Official HIGH MINDS CLOTHING product. HGHMNDS CLOTHING is an independent PH streetwear brand that aims to uplift and inspire the masses. Superior quality goods. Material: 35 Cotton, 65 Polyester",Men's Clothing > Tops > Shirts > HGHMNDS CLO. - MANIFEST,"[""M"", ""L"", ""XL"", ""2XL"", ""3XL""]",https://www.lazada.com.ph/products/pdp-i5205129245.html,https://img.lazcdn.com/g/p/fb0065619cfa2074f3e8e12ef6a7695c.jpg_200x200q80.jpg,high minds clothing,20260705_015629,6,sold_lifetime,True,False,HGHMNDS CLO. - MANIFEST,True,Other
Lazada,4420504292,HGHMNDS CLO. - REDEMPTION,,156.0,6969.0,97.8,,,28.0,4.6,7,6.0,0.0,0.0,1.0,0.0,Short Sleeve Graphic Casual cotton,Men's Clothing > Tops > T-Shirts & Tanks > HGHMNDS CLO. - REDEMPTION,"[""1"", ""L"", ""M"", ""S"", ""XL"", ""XXL"", ""3XL""]",https://www.lazada.com.ph/products/pdp-i4420504292.html,https://img.lazcdn.com/g/p/501bfd77085b2d95062905704eef3e66.jpg_200x200q80.jpg,high minds clothing,20260705_015629,28,sold_lifetime,True,True,HGHMNDS CLO. - REDEMPTION,True,Other
Lazada,15389371957,HIGHMINDS CLOTHING V2 INSPIRED OVERSIZED TSHIRT DESIGN Men's Tops - T-shirts Menswear Print .C,,199.0,7777.0,97.4,,,12.0,5.0,3,3.0,0.0,0.0,0.0,0.0,Logo Regular Casual 100 Cotton. LIMITED STOCKS ONLY. COD COD COD!. AVAILABLE SIZES: S to 5XL-UNISEX. A3 size design BACK. A4 size design front. RUBBER RIZE HIGH QUALITY PRINT. 220GSM KAPAL NG TELA. QUALITY ANG TAHI. SOBRANG TIBAY NG TATAK. HINDI NA TUTUKLAP. COD COD COD!. ROKSI NA MGA BOSS. LIMITED STOCKS ONLY. COD COD COD. AVAILABLE SIZES: S to 5XL-UNISEX. A3 size design BACK. A4 size design front. RUBBER RIZE HIGH QUALITY PRINT. 220GSM KAPAL NG TELA. QUALITY ANG TAHI. SOBRANG TIBAY NG TATAK. HINDI NA TUTUKLAP. COD COD COD. ROKSI NA MGA BOSS,Men's Clothing > Tops > T-Shirts & Tanks > HIGHMINDS CLOTHING V2 INSPIRED OVERSIZED TSHIRT DESIGN Men's Tops - T-shirts Menswear Print .C,"[""HMD2-BLACK"", ""HMD2-BLUE"", ""HMD2-GREEN"", ""HMD2-KAKI"", ""HMD2-PINK"", ""HMD2-RED"", ""HMD2-WHITE"", ""HMD2-YELLOW"", ""S"", ""M"", ""L"", ""XL"", ""2XL"", ""3XL"", ""4XL"", ""5XL""]",https://www.lazada.com.ph/products/pdp-i15389371957.html,https://img.lazcdn.com/g/p/38a7bc30ca215372ce4170b357097b4b.jpg_200x200q80.jpg,high minds clothing,20260705_015629,12,sold_lifetime,True,True,HIGHMINDS CLOTHING V2 INSPIRED OVERSIZED TSHIRT DESIGN Men's Tops - T-shirts Menswear Print .C,True,T-Shirt
Lazada,5170974393,HGHMNDS - CLASSICO (RED),,208.0,6565.0,96.8,,,,,0,0.0,0.0,0.0,0.0,0.0,"Short Sleeve Print Casual default. Welcome. Superb shirt and print quality. 100-brand new. Fabric: We uses cotton blend fabric(reactive dye for comfort durability and color fastness. Fit: Regular asian fit unisex). Print: We uses water based inks to give you great print opacity shine and longevity. Our products are carefully monitored and checked to ensure quality. If you are satisfied with our products, please give us five-star rating. Due to different measurement methods, measurement allows 2-3cm error. Welcome. Superb shirt and print quality. 100-brand new. Fabric: We uses cotton blend fabric(reactive dye for comfort durability and color fastness. Fit: Regular asian fit unisex). Print: We uses water based inks to give you great print opacity shine and longevity. Our products are carefully monitored and checked to ensure quality. If you are satisfied with our products, please give us five-star rating. Due to different measurement methods, measurement allows 2-3cm error",Men's Clothing > Tops > T-Shirts & Tanks > HGHMNDS - CLASSICO (RED),"[""Int""]",https://www.lazada.com.ph/products/pdp-i5170974393.html,https://img.lazcdn.com/g/p/4243541031a5b94042211b8a4eb12fa5.png_200x200q80.png,high minds clothing,20260705_015629,0,sold_lifetime,True,False,HGHMNDS - CLASSICO (RED),True,Other
Lazada,15395964351,Casual Original HIGHMINDS INSPIRED V1 OVERSIZED SHIRTS Menswear Top . c,,199.0,3434.0,94.2,,,,,0,0.0,0.0,0.0,0.0,0.0,"Logo Regular Casual 100 Cotton. Welcome. Superb shirt and print quality. 100-brand new. Fabric: We uses cotton blend fabric(reactive dye for comfort durability and color fastness. Fit: Regular asian fit unisex). Print: We uses water based inks to give you great print opacity shine and longevity. Our products are carefully monitored and checked to ensure quality. If you are satisfied with our products, please give us five-star rating. Due to different measurement methods, measurement allows 2-3cm error. Welcome. Superb shirt and print quality. 100-brand new. Fabric: We uses cotton blend fabric(reactive dye for comfort durability and color fastness. Fit: Regular asian fit unisex). Print: We uses water based inks to give you great print opacity shine and longevity. Our products are carefully monitored and checked to ensure quality. If you are satisfied with our products, please give us five-star rating. Due to different measurement methods, measurement allows 2-3cm error",Men's Clothing > Tops > T-Shirts & Tanks > Casual Original HIGHMINDS INSPIRED V1 OVERSIZED SHIRTS Menswear Top . c,"[""Black"", ""White"", ""Red"", ""Apricot"", ""S"", ""L"", ""M"", ""XXL"", ""XL"", ""XXXL""]",https://www.lazada.com.ph/products/pdp-i15395964351.html,https://img.lazcdn.com/g/p/29c78755f645bfb0a9d6d7e501460777.jpg_200x200q80.jpg,high minds clothing,20260705_015629,0,sold_lifetime,True,False,Casual Original HIGHMINDS INSPIRED V1 OVERSIZED SHIRTS Menswear Top . c,True,T-Shirt
Lazada,5365528624,HIGHMINDS CLOTHING V5 INSPIRED OVERSIZED TSHIRT DESIGN Men's Tops - T-shirts Menswear Print .2026,,199.0,6969.0,97.1,,,,,0,0.0,0.0,0.0,0.0,0.0,Logo Regular Casual Cotton Blend. LIMITED STOCKS ONLY. COD COD COD!. AVAILABLE SIZES: S to 5XL-UNISEX. A3 size design BACK. A4 size design front. RUBBER RIZE HIGH QUALITY PRINT. 220GSM KAPAL NG TELA. QUALITY ANG TAHI. SOBRANG TIBAY NG TATAK. HINDI NA TUTUKLAP. COD COD COD!. ROKSI NA MGA BOSS. LIMITED STOCKS ONLY. COD COD COD. AVAILABLE SIZES: S to 5XL-UNISEX. A3 size design BACK. A4 size design front. RUBBER RIZE HIGH QUALITY PRINT. 220GSM KAPAL NG TELA. QUALITY ANG TAHI. SOBRANG TIBAY NG TATAK. HINDI NA TUTUKLAP. COD COD COD. ROKSI NA MGA BOSS,Men's Clothing > Tops > T-Shirts & Tanks > HIGHMINDS CLOTHING V5 INSPIRED OVERSIZED TSHIRT DESIGN Men's Tops - T-shirts Menswear Print .2026,"[""HMD5-BLACK"", ""HMD5-BLUE"", ""HMD5-GREEN"", ""HMD5-KAKI"", ""HMD5-PINK"", ""HMD5-RED"", ""HMD5-WHITE"", ""HMD5-YELLOW"", ""S"", ""M"", ""L"", ""XL"", ""2XL"", ""3XL"", ""4XL"", ""5XL""]",https://www.lazada.com.ph/products/pdp-i5365528624.html,https://img.lazcdn.com/g/p/5f7c01ea03d68dc715473ae0ba88087f.jpg_200x200q80.jpg,high minds clothing,20260705_015629,0,sold_lifetime,True,False,HIGHMINDS CLOTHING V5 INSPIRED OVERSIZED TSHIRT DESIGN Men's Tops - T-shirts Menswear Print .2026,True,T-Shirt
Lazada,4940615654,HGHMNDS ONLINE - MANIFEST cotton Tshirt For man and females,,185.0,3838.0,95.2,,,,,0,0.0,0.0,0.0,0.0,0.0,Print Short Sleeve cotton,Men's Clothing > Tops > T-Shirts & Tanks > HGHMNDS ONLINE - MANIFEST cotton Tshirt For man and females,"[""Black"", ""M"", ""L"", ""XL"", ""XXL"", ""3XL"", ""4XL""]",https://www.lazada.com.ph/products/pdp-i4940615654.html,https://img.lazcdn.com/g/p/b8742442fe5707d13f0c73c92582d081.jpg_200x200q80.jpg,high minds clothing,20260705_015629,0,sold_lifetime,True,False,HGHMNDS ONLINE - MANIFEST cotton Tshirt For man and females,True,T-Shirt
Lazada,5392760636,HGHMNDS CLO. - KALM KORNER t shirt,,199.0,6767.0,97.1,,,,,0,0.0,0.0,0.0,0.0,0.0,Regular Logo Casual 100 Cotton. HGHMNDS CLO. KALM KORNER. Always open and aimed to please. Leave your worries at the door and let us do our magic. COTTON AND POLYESTER BLEND 245 GSM). Official HIGH MINDS CLOTHING product. HGHMNDS CLOTHING is an independent PH streetwear brand that aims to uplift and inspire the masses. Superior quality goods. \\. HGHMNDS CLO. KALM KORNER. Always open and aimed to please. Leave your worries at the door and let us do our magic. COTTON AND POLYESTER BLEND 245 GSM. Official HIGH MINDS CLOTHING product. HGHMNDS CLOTHING is an independent PH streetwear brand that aims to uplift and inspire the masses. Superior quality goods. \\,Men's Clothing > Tops > T-Shirts & Tanks > HGHMNDS CLO. - KALM KORNER t shirt,"[""Black"", ""Red"", ""Yellow"", ""Blue"", ""Green"", ""Orange"", ""Purple"", ""White"", ""Pink"", ""Grey"", ""M"", ""L"", ""XL"", ""XXL"", ""S"", ""3XL""]",https://www.lazada.com.ph/products/pdp-i5392760636.html,https://img.lazcdn.com/g/p/6bd27f05167bb73deb37b479f9be26b0.jpg_200x200q80.jpg,high minds clothing,20260705_015629,0,sold_lifetime,True,False,HGHMNDS CLO. - KALM KORNER t shirt,True,T-Shirt
Lazada,5120939019,HGHMNDS CLO. - MANIFEST .2025,,207.0,6666.0,96.9,,,18.0,4.4,5,4.0,0.0,0.0,1.0,0.0,"Regular Graphic Casual 100 Cotton. Official HIGH MINDS CLOTHING product. HGHMNDS CLOTHING is an independent PH streetwear brand that aims to uplift and inspire the masses. Superior quality goods. Material: 35 Cotton, 65 Polyester. Official HIGH MINDS CLOTHING product. HGHMNDS CLOTHING is an independent PH streetwear brand that aims to uplift and inspire the masses. Superior quality goods. Material: 35 Cotton, 65 Polyester",Men's Clothing > Tops > T-Shirts & Tanks > HGHMNDS CLO. - MANIFEST .2025,"[""Black"", ""Grey"", ""Purple"", ""White"", ""Green"", ""Blue"", ""Red"", ""3XL"", ""L"", ""M"", ""XL"", ""XXL"", ""S""]",https://www.lazada.com.ph/products/pdp-i5120939019.html,https://img.lazcdn.com/g/p/fb0065619cfa2074f3e8e12ef6a7695c.jpg_200x200q80.jpg,high minds clothing,20260705_015629,18,sold_lifetime,True,True,HGHMNDS CLO. - MANIFEST .2025,True,Other
Lazada,5141565174,HGHMNDS ONLINE - HEAVY MEDAL SHIRT,,199.0,6161.0,96.8,,,11.0,5.0,10,11.0,0.0,0.0,0.0,0.0,"HGHMNDS Casual Shirt features a scoop neck and short sleeves, perfect for streetwear enthusiasts. Made of cotton and polyester blend, this logo design shirt offers multiple size options and colors for casual comfort and style. - Lazada",Women's Clothing > Tops > T-Shirts > HGHMNDS ONLINE - HEAVY MEDAL SHIRT,"[""red"", ""black"", ""white"", ""blue"", ""pink"", ""purple"", ""green"", ""yellow"", ""Khaki"", ""S"", ""M"", ""L"", ""XL"", ""2XL"", ""3XL"", ""4XL""]",https://www.lazada.com.ph/products/pdp-i5141565174.html,https://img.lazcdn.com/g/p/47c6dd9256bd50ac91849e4a1608e0d3.jpg_200x200q80.jpg,high minds clothing,20260705_015629,11,sold_lifetime,True,True,HGHMNDS ONLINE - HEAVY MEDAL SHIRT,True,T-Shirt
Lazada,4575006145,HGHMNDS ONLINE - PEACE OVER ALL SHIRT,,199.0,6666.0,97.0,,,,5.0,1,1.0,0.0,0.0,0.0,0.0,"1 Graphic cotton. Official HIGH MINDS CLOTHING product. HGHMNDS CLOTHING is an independent PH streetwear brand that aims to uplift and inspire the masses. Superior quality goods. Material: 35 Cotton, 65 Polyester. Official HIGH MINDS CLOTHING product. HGHMNDS CLOTHING is an independent PH streetwear brand that aims to uplift and inspire the masses. Superior quality goods. Material: 35 Cotton, 65 Polyester",Men's Clothing > Tops > T-Shirts & Tanks > HGHMNDS ONLINE - PEACE OVER ALL SHIRT,"[""XS"", ""S"", ""M"", ""L"", ""XL"", ""2XL"", ""3XL""]",https://www.lazada.com.ph/products/pdp-i4575006145.html,https://img.lazcdn.com/g/p/61326064334a99821f60e3a20cfd7bd3.jpg_200x200q80.jpg,high minds clothing,20260705_015629,0,sold_lifetime,True,True,HGHMNDS ONLINE - PEACE OVER ALL SHIRT,True,T-Shirt
Lazada,5392815213,HGHMNDS CLO. - Captive Skull Shirt .C,,199.0,7373.0,97.3,,,,,0,0.0,0.0,0.0,0.0,0.0,Regular Logo Casual 100 Cotton. Official HIGH MINDS CLOTHING product. HGHMNDS CLOTHING is an independent PH streetwear brand that aims to uplift and inspire the masses. Superior quality goods. Official HIGH MINDS CLOTHING product. HGHMNDS CLOTHING is an independent PH streetwear brand that aims to uplift and inspire the masses. Superior quality goods,Men's Clothing > Tops > T-Shirts & Tanks > HGHMNDS CLO. - Captive Skull Shirt .C,"[""M"", ""L"", ""XL"", ""2XL"", ""3XL""]",https://www.lazada.com.ph/products/pdp-i5392815213.html,https://img.lazcdn.com/g/p/5f107685cecc1b9b10af30f7fc7da0a1.jpg_200x200q80.jpg,high minds clothing,20260705_015629,0,sold_lifetime,True,False,HGHMNDS CLO. - Captive Skull Shirt .C,True,Headwear
Lazada,4457666606,HGHMNDS CLO. - Life Force Shirt,,156.0,6969.0,97.8,,,68.0,3.8,13,8.0,1.0,0.0,1.0,3.0,"Hi! Kindly read the product description before ordering.ABOUT THE SHIRT:◼ Unisex Shirt◼ PRINT - DTF and Vinyl Print◼ Pre-Shrunk◼ CottonORDER PROCESSING AND DELIVERY:◼ Our printed shirts are made to order.Please give us some time to process your orders.◼ We do not have any control with the courier. 'RETURN / REFUND POLICY:◼ We will not accept refund and return request if we shipped the correct size and color of your order.◼ Please provide videos and photos to support your claim so we can check and give the right solution.IMPORTANT REMINDERS:◼ Product color may slightly vary due to photographic lighting sources or your monitor settings.◼ In case of wrong / missing / damaged item, please do not hesitate to send us a notice. Give us a chance to fix the problem first before rating.For more inquiries, please send us a message.Thank you!",Men's Clothing > Tops > T-Shirts & Tanks > HGHMNDS CLO. - Life Force Shirt,"[""1"", ""L"", ""M"", ""S"", ""XL"", ""XXL"", ""3XL""]",https://www.lazada.com.ph/products/pdp-i4457666606.html,https://img.lazcdn.com/g/p/cd4ffdb490b8424ffa7eab135764414f.jpg_200x200q80.jpg,high minds clothing,20260705_015629,68,sold_lifetime,True,True,HGHMNDS CLO. - Life Force Shirt,True,T-Shirt
Lazada,4820119144,HGHMNDS CLO. - KALMADO OUT OF BODY,,207.0,7272.0,97.2,,,5.0,5.0,1,1.0,0.0,0.0,0.0,0.0,Graphic Short Sleeve Casual cotton. HGHMNDS CLO. KALMADO OUT OF BODY. Step out of your mortal shell. Explore and come back with an epic story to tell. COTTON AND POLYESTER BLEND 245 GSM. Official HIGH MINDS CLOTHING product. HGHMNDS CLOTHING is an independent PH streetwear brand that aims to uplift and inspire the masses. Superior quality goods,Men's Clothing > Tops > T-Shirts & Tanks > HGHMNDS CLO. - KALMADO OUT OF BODY,"[""XS"", ""M"", ""L"", ""XL"", ""XXL""]",https://www.lazada.com.ph/products/pdp-i4820119144.html,https://img.lazcdn.com/g/p/85b2e44ab52c47f0703302aae50ada5d.jpg_200x200q80.jpg,high minds clothing,20260705_015629,5,sold_lifetime,True,True,HGHMNDS CLO. - KALMADO OUT OF BODY,True,Other
Lazada,4638918641,HGHMNDS CLO. - Millions,,207.0,7272.0,97.2,,,,,0,0.0,0.0,0.0,1.0,0.0,Graphic cotton. Official HIGH MINDS CLOTHING product. HGHMNDS CLOTHING is an independent PH streetwear brand that aims to uplift and inspire the masses. Superior quality goods. Official HIGH MINDS CLOTHING product. HGHMNDS CLOTHING is an independent PH streetwear brand that aims to uplift and inspire the masses. Superior quality goods,Men's Clothing > Tops > T-Shirts & Tanks > HGHMNDS CLO. - Millions,"[""XS"", ""S"", ""M"", ""L"", ""XL"", ""XXL"", ""XXXL""]",https://www.lazada.com.ph/products/pdp-i4638918641.html,https://img.lazcdn.com/g/p/de5c85b8605a88e62e1bc629d54ef420.jpg_200x200q80.jpg,high minds clothing,20260705_015629,0,sold_lifetime,True,False,HGHMNDS CLO. - Millions,True,Other
Lazada,5141350601,HIGHMINDS INSPIRED V1 OVERSIZED SHIRTS Menswear Top,,199.0,6161.0,96.8,,,9.0,5.0,2,3.0,0.0,0.0,0.0,0.0,Short Sleeve Graphic Casual cotton. LIMITED STOCK ONLY. LIMITED STOCK ONLY. LIMITED STOCK ONLY. COD COD COD!. AVAILABLE SIZES: S to 5XL-UNISEX. A4 size design front. RUBBER RIZE HIGH QUALITY PRINT. 220GSM KAPAL NG TELA. QUALITY ANG TAHI. SOBRANG TIBAY NG TATAK. HINDI NA TUTUKLAP. COD COD COD,Women's Clothing > Tops > T-Shirts > HIGHMINDS INSPIRED V1 OVERSIZED SHIRTS Menswear Top,"[""HMD1-BLACK"", ""HMD1-BLUE"", ""HMD1-GREEN"", ""HMD1-KAKI"", ""HMD1-PINK"", ""HMD1-RED"", ""HMD1-WHITE"", ""HMD1YELLOW"", ""S"", ""M"", ""L"", ""XL"", ""2XL"", ""3XL"", ""4XL"", ""5XL""]",https://www.lazada.com.ph/products/pdp-i5141350601.html,https://img.lazcdn.com/g/p/4df0e1c911d0e848e5094240d85b6819.jpg_200x200q80.jpg,high minds clothing,20260705_015629,9,sold_lifetime,True,True,HIGHMINDS INSPIRED V1 OVERSIZED SHIRTS Menswear Top,True,T-Shirt
Lazada,15466245728,HGHMNDS CLO. - Moonrock .c,,199.0,6464.0,96.9,,,,,0,0.0,0.0,0.0,0.0,0.0,"HINDI BACA bago bumili! Belanja sa ating tindahan mas Aman = BISA COD (Bayar Ditempat) Langsung Dari Produsen First (Production Distro Kami Alone) Not From Tangan Second (Resseller) So Harga Jauh Mas Murah Stok Ready Ukuran S M L XL DAN XXL, XXXLNakNaku.• TIBISAGAN:Combed 24s Hitam Jetblack (kelembutan Kain Lebih Lembut dan Soft , Warna Jauh Lebih Pekat , Kain Terasa adem enak , Menyerap Keringat dan nyaman saat dipakai)plastisol INK DOFFDistro ( Kuat & Rapi)paper sizeay may sukat na S, M, L, XL, XXL, XXXL.Naku.- 100% Real pict - 100% cotton combed 24s Premium (Bahan Kaos Tebal & Menyerap Keringat Warna Hindi Mudah Pudar )Naku.&gt; Kapag ang produksyon ay walang laman, makipag-chat kami ng motif na ganti.Naku.Kemasan / PackingAman.Mga elemento, damit na may mataas na dulo,Our store has its own inventory and fast deliveryMaaaring mayroong pagkakaiba sa pagitan ng mga elemento ng imahe at mga produkto dahil sa mga isyu ng liwanagMangyaring tumutukoy sa mga aktwal na itemRest assured pagkatapos ng benta,&lt;html&gt; &lt;head&gt;&lt;/head&gt; &lt;body&gt; HINDI BACA bago bumili! Belanja sa ating tindahan mas Aman = BISA COD (Bayar Ditempat) Langsung Dari Produsen First (Production Distro Kami Alone) Not From Tangan Second (Resseller) So Harga Jauh Mas Murah Stok Ready Ukuran S M L XL DAN XXL, XXXL Nak Naku. • TIBISAGAN: Combed 24s Hitam Jetblack (kelembutan Kain Lebih Lembut dan Soft , Warna Jauh Lebih Pekat , Kain Terasa adem enak , Menyerap Keringat dan nyaman saat dipakai) plastisol INK DOFF Distro ( Kuat & Rapi) paper size ay may sukat na S, M, L, XL, XXL, XXXL. Naku. - 100% Real pict - 100% cotton combed 24s Premium (Bahan Kaos Tebal & Menyerap Keringat Warna Hindi Mudah Pudar ) Naku. &gt; Kapag ang produksyon ay walang laman, makipag-chat kami ng motif na ganti. Naku. Kemasan / Packing Aman. Mga elemento, damit na may mataas na dulo, Our store has its own inventory and fast delivery Maaaring mayroong pagkakaiba sa pagitan ng mga elemento ng imahe at mga produkto dahil sa mga isyu ng liwanag Mangyaring tumutukoy sa mga aktwal na item Rest assured pagkatapos ng benta, &lt;/body&gt;&lt;/html&gt;",Men's Clothing > Tops > T-Shirts & Tanks > HGHMNDS CLO. - Moonrock .c,"[""Red"", ""White"", ""Black"", ""Blue"", ""Grey"", ""Purple"", ""Green"", ""Pink"", ""Yellow"", ""Orange"", ""M"", ""L"", ""XL"", ""XXL"", ""S"", ""3XL"", ""4XL""]",https://www.lazada.com.ph/products/pdp-i15466245728.html,https://img.lazcdn.com/g/p/0806ef853202451f8ab38d45e37bd2b0.jpg_200x200q80.jpg,high minds clothing,20260705_015629,0,sold_lifetime,True,False,HGHMNDS CLO. - Moonrock .c,True,Other
Lazada,4506980896,HGHMNDS - BURN BABYLON,,207.0,5252.0,96.1,,,6.0,2.3,3,1.0,0.0,0.0,0.0,2.0,1 Graphic Short Sleeve Casual cotton,Women's Clothing > Tops > T-Shirts > HGHMNDS - BURN BABYLON,"[""Black"", ""Red"", ""Orange"", ""Pink"", ""Yellow"", ""Green"", ""Purple"", ""Grey"", ""Blue"", ""White"", ""S"", ""M"", ""L"", ""XL"", ""XXL"", ""3XL"", ""4XL""]",https://www.lazada.com.ph/products/pdp-i4506980896.html,https://img.lazcdn.com/g/p/23e7ad24e5d60acb6b37a26a166d80db.png_200x200q80.png,high minds clothing,20260705_015629,6,sold_lifetime,True,True,HGHMNDS - BURN BABYLON,True,Other
Lazada,4574861802,HGHMNDS ONLINE - GREEN THING SHIRT,,207.0,6565.0,96.8,,,,,0,0.0,0.0,0.0,0.0,0.0,"1 Regular Tie Dye Casual Polyester. Nothing compares to the natural shade of calm. Let live, let green. Official HIGH MINDS CLOTHING product. HGHMNDS CLOTHING is an independent PH streetwear brand that aims to uplift and inspire the masses. Superior quality goods. GREEN THING SHIRT, the perfect addition to any wardrobe. Made with a comfortable combination of cotton and polyester, this loose-fitting shirt is both stylish and breathable. Graphic pattern adds a unique touch to this basic style shirt. Crew neck design provides a classic look. Regular fit makes it easy to wear with any outfit. Caring for this shirt is simple: just hand wash it according to the care instructions provided. Whether you're dressing up or keeping it casual, the HGHMNDS ONLINE-GREEN THING SHIRT is sure to become your go-to choice. Nothing compares to the natural shade of calm. Let live, let green. Official HIGH MINDS CLOTHING product. HGHMNDS CLOTHING is an independent PH streetwear brand that aims to uplift and",Men's Clothing > Tops > T-Shirts & Tanks > HGHMNDS ONLINE - GREEN THING SHIRT,"[""Black"", ""Red"", ""Yellow"", ""Blue"", ""Green"", ""Purple"", ""Orange"", ""White"", ""Pink"", ""Grey"", ""3XL"", ""4XL"", ""L"", ""M"", ""XL"", ""XXL"", ""S""]",https://www.lazada.com.ph/products/pdp-i4574861802.html,https://img.lazcdn.com/g/p/2a7a2e148e4e38d1c8ec05caa8fd749d.jpg_200x200q80.jpg,high minds clothing,20260705_015629,0,sold_lifetime,True,False,HGHMNDS ONLINE - GREEN THING SHIRT,True,T-Shirt
Lazada,4574754819,HGHMNDS ONLINE - SYSTEM SMASH SHIRT,,199.0,6666.0,97.0,,,,,0,0.0,0.0,0.0,0.0,0.0,"1 Graphic cotton. Be against the system that brings you down. Smash or be smashed. Official HIGH MINDS CLOTHING product. HGHMNDS CLOTHING is an independent PH streetwear brand that aims to uplift and inspire the masses. Superior quality goods. Material: 35 Cotton, 65 Polyester. Be against the system that brings you down. Smash or be smashed. Official HIGH MINDS CLOTHING product. HGHMNDS CLOTHING is an independent PH streetwear brand that aims to uplift and inspire the masses. Superior quality goods. Material: 35 Cotton, 65 Polyester",Men's Clothing > Tops > T-Shirts & Tanks > HGHMNDS ONLINE - SYSTEM SMASH SHIRT,"[""Light blue"", ""White"", ""Red"", ""Orange"", ""Yellow"", ""Pink"", ""Green"", ""Grey"", ""Purple"", ""Blue"", ""Black"", ""M"", ""L"", ""XL"", ""XXL"", ""S"", ""3XL"", ""4XL""]",https://www.lazada.com.ph/products/pdp-i4574754819.html,https://img.lazcdn.com/g/p/b88844adf71266acb5b561d11dd37771.jpg_200x200q80.jpg,high minds clothing,20260705_015629,0,sold_lifetime,True,False,HGHMNDS ONLINE - SYSTEM SMASH SHIRT,True,T-Shirt
Lazada,5365520636,HIGHMINDS CLOTHING V4 INSPIRED OVERSIZED TSHIRT DESIGN Men's Tops - T-shirts Menswear Print .2026,,199.0,6969.0,97.1,,,,,0,0.0,0.0,0.0,0.0,1.0,print Regular Casual Cotton Blend. LIMITED STOCKS ONLY. COD COD COD!. AVAILABLE SIZES: S to 5XL-UNISEX. A3 size design BACK. A4 size design front. RUBBER RIZE HIGH QUALITY PRINT. 220GSM KAPAL NG TELA. QUALITY ANG TAHI. SOBRANG TIBAY NG TATAK. HINDI NA TUTUKLAP. COD COD COD!. ROKSI NA MGA BOSS. LIMITED STOCKS ONLY. COD COD COD. AVAILABLE SIZES: S to 5XL-UNISEX. A3 size design BACK. A4 size design front. RUBBER RIZE HIGH QUALITY PRINT. 220GSM KAPAL NG TELA. QUALITY ANG TAHI. SOBRANG TIBAY NG TATAK. HINDI NA TUTUKLAP. COD COD COD. ROKSI NA MGA BOSS,Men's Clothing > Tops > T-Shirts & Tanks > HIGHMINDS CLOTHING V4 INSPIRED OVERSIZED TSHIRT DESIGN Men's Tops - T-shirts Menswear Print .2026,"[""HMD4-BLACK"", ""HMD4-BLUE"", ""HMD4-GREEN"", ""HMD4-KAKI"", ""HMD4-PINK"", ""HMD4-RED"", ""HMD4-WHITE"", ""HMD4-YELLOW"", ""S"", ""M"", ""L"", ""XL"", ""2XL"", ""3XL"", ""4XL""]",https://www.lazada.com.ph/products/pdp-i5365520636.html,https://img.lazcdn.com/g/p/06f3fd96eeb040180db1f0a4952013ea.jpg_200x200q80.jpg,high minds clothing,20260705_015629,0,sold_lifetime,True,False,HIGHMINDS CLOTHING V4 INSPIRED OVERSIZED TSHIRT DESIGN Men's Tops - T-shirts Menswear Print .2026,True,T-Shirt
Lazada,15389385881,HIGHMINDS CLOTHING V3 INSPIRED OVERSIZED TSHIRT DESIGN Men's Tops - T-shirts Menswear Print .C,,199.0,7777.0,97.4,,,,,0,0.0,0.0,0.0,0.0,0.0,Logo Regular Casual 100 Cotton. LIMITED STOCKS ONLY. COD COD COD!. AVAILABLE SIZES: S to 5XL-UNISEX. A3 size design BACK. A4 size design front. RUBBER RIZE HIGH QUALITY PRINT. 220GSM KAPAL NG TELA. QUALITY ANG TAHI. SOBRANG TIBAY NG TATAK. HINDI NA TUTUKLAP. COD COD COD!. ROKSI NA MGA BOSS. LIMITED STOCKS ONLY. COD COD COD. AVAILABLE SIZES: S to 5XL-UNISEX. A3 size design BACK. A4 size design front. RUBBER RIZE HIGH QUALITY PRINT. 220GSM KAPAL NG TELA. QUALITY ANG TAHI. SOBRANG TIBAY NG TATAK. HINDI NA TUTUKLAP. COD COD COD. ROKSI NA MGA BOSS,Men's Clothing > Tops > T-Shirts & Tanks > HIGHMINDS CLOTHING V3 INSPIRED OVERSIZED TSHIRT DESIGN Men's Tops - T-shirts Menswear Print .C,"[""HMD3-BLACK"", ""HMD3-BLUE"", ""HMD3-GREEN"", ""HMD3-KAKI"", ""HMD3-PINK"", ""HMD3-RED"", ""HMD3-WHITE"", ""HMD3-YELLOW"", ""S"", ""M"", ""L"", ""XL"", ""2XL"", ""3XL"", ""4XL"", ""5XL""]",https://www.lazada.com.ph/products/pdp-i15389385881.html,https://img.lazcdn.com/g/p/fb0585c436b230074e7bc7db24a79b24.jpg_200x200q80.jpg,high minds clothing,20260705_015629,0,sold_lifetime,True,False,HIGHMINDS CLOTHING V3 INSPIRED OVERSIZED TSHIRT DESIGN Men's Tops - T-shirts Menswear Print .C,True,T-Shirt
Lazada,5365558617,HIGHMINDS CLOTHING V3 INSPIRED OVERSIZED TSHIRT DESIGN Men's Tops - T-shirts Menswear Print .2026,,199.0,6969.0,97.1,,,,,0,0.0,0.0,0.0,0.0,0.0,Logo Regular Casual Cotton Blend. LIMITED STOCKS ONLY. COD COD COD!. AVAILABLE SIZES: S to 5XL-UNISEX. A3 size design BACK. A4 size design front. RUBBER RIZE HIGH QUALITY PRINT. 220GSM KAPAL NG TELA. QUALITY ANG TAHI. SOBRANG TIBAY NG TATAK. HINDI NA TUTUKLAP. COD COD COD!. ROKSI NA MGA BOSS. LIMITED STOCKS ONLY. COD COD COD. AVAILABLE SIZES: S to 5XL-UNISEX. A3 size design BACK. A4 size design front. RUBBER RIZE HIGH QUALITY PRINT. 220GSM KAPAL NG TELA. QUALITY ANG TAHI. SOBRANG TIBAY NG TATAK. HINDI NA TUTUKLAP. COD COD COD. ROKSI NA MGA BOSS,Men's Clothing > Tops > T-Shirts & Tanks > HIGHMINDS CLOTHING V3 INSPIRED OVERSIZED TSHIRT DESIGN Men's Tops - T-shirts Menswear Print .2026,"[""HMD3-BLACK"", ""HMD3-BLUE"", ""HMD3-GREEN"", ""HMD3-KAKI"", ""HMD3-PINK"", ""HMD3-RED"", ""HMD3-WHITE"", ""HMD3-YELLOW"", ""S"", ""M"", ""L"", ""XL"", ""2XL"", ""3XL"", ""4XL"", ""5XL""]",https://www.lazada.com.ph/products/pdp-i5365558617.html,https://img.lazcdn.com/g/p/fb0585c436b230074e7bc7db24a79b24.jpg_200x200q80.jpg,high minds clothing,20260705_015629,0,sold_lifetime,True,False,HIGHMINDS CLOTHING V3 INSPIRED OVERSIZED TSHIRT DESIGN Men's Tops - T-shirts Menswear Print .2026,True,T-Shirt
Lazada,4574828612,HGHMNDS ONLINE - SKILLS SHIRT,,207.0,5959.0,96.5,,,15.0,3.9,7,5.0,0.0,0.0,0.0,2.0,"1 Graphic cotton. SKILLS SHIRT is a stylish and comfortable T-shirt perfect for any casual occasion. Crafted from high-quality cotton material, this shirt features a loose fit and short sleeves, making it ideal for all seasons. Quantity per Pack: 1. Care Instructions: Hand Wash. Sleeve Length: Short Sleeve. Occasion: Casual. Fit: Loose Fit. Material: Cotton. Suitable size type: Regular. This T-shirt features: A classic crew neckline, A striking graphic pattern that is sure to turn heads, A basic style that can be paired with any outfit. Caring for this shirt is easy with its hand wash care instructions. Whether you're out with friends or just running errands around town, the HGHMNDS ONLINE-SKILLS SHIRT will keep you looking and feeling great. Official HIGH MINDS CLOTHING product. HGHMNDS CLOTHING is an independent PH streetwear brand that aims to uplift and inspire the masses. Superior quality goods. Material: 35 Cotton, 65 Polyester. SKILLS SHIRT is a stylish and comfortable T-shirt p",Men's Clothing > Tops > T-Shirts & Tanks > HGHMNDS ONLINE - SKILLS SHIRT,"[""1"", ""2"", ""3"", ""4"", ""5"", ""6"", ""XL"", ""S"", ""M"", ""L"", ""XXL"", ""4XL"", ""3XL""]",https://www.lazada.com.ph/products/pdp-i4574828612.html,https://img.lazcdn.com/g/p/ca33c344d995b665d21c179a0542e00c.jpg_200x200q80.jpg,high minds clothing,20260705_015629,15,sold_lifetime,True,True,HGHMNDS ONLINE - SKILLS SHIRT,True,T-Shirt
Lazada,4638851514,HGHMNDS CLO. - World Vision Shirt,,207.0,7272.0,97.2,,,,,0,0.0,0.0,0.0,0.0,0.0,Short Sleeve Guhit Preppy Heritage cotton. Official HIGH MINDS CLOTHING product. HGHMNDS CLOTHING is an independent PH streetwear brand that aims to uplift and inspire the masses. Superior quality goods. Official HIGH MINDS CLOTHING product. HGHMNDS CLOTHING is an independent PH streetwear brand that aims to uplift and inspire the masses. Superior quality goods,Men's Clothing > Tops > T-Shirts & Tanks > HGHMNDS CLO. - World Vision Shirt,"[""XS"", ""S"", ""M"", ""L"", ""XL"", ""XXL"", ""XXXL""]",https://www.lazada.com.ph/products/pdp-i4638851514.html,https://img.lazcdn.com/g/p/d5beafd311e029583dd7b940b4968e57.jpg_200x200q80.jpg,high minds clothing,20260705_015629,0,sold_lifetime,True,False,HGHMNDS CLO. - World Vision Shirt,True,T-Shirt
