platform,item_id,product_name,rating,review_text,buyer_name,date,review_length,is_substantive
Lazada,5135097284,HGHMNDS CLO. - Seek Clarity Shirt,5,"Inspiring message, Crew neckline, All-season wear, Polycotton fabric, Official brand,",Donna,2025-12-18,85,True
Lazada,5135097284,HGHMNDS CLO. - Seek Clarity Shirt,5,very comportable and the quality ' iLove it .,Grace,2025-09-25,45,True
Lazada,5135097284,HGHMNDS CLO. - Seek Clarity Shirt,5,"Crew neckline, Polycotton fabric, Inspiring message, Streetwear style,",Albert,2025-08-26,70,True
Lazada,5135097284,HGHMNDS CLO. - Seek Clarity Shirt,5,gooodss sya,Ero Francisco,2025-12-22,11,False
Lazada,3134874109,HGHMNDS - PRICE CHECK,5,Very nice tnks,Marlon A.,2023-01-11,14,False
Lazada,3134874109,HGHMNDS - PRICE CHECK,5,"HGHMNDS clothing is made with high-quality materials., I love the design of HGHMNDS clothing!, HGHMNDS clothing is suitable for all seasons.,",C***o,2024-12-29,141,True
Lazada,3134874109,HGHMNDS - PRICE CHECK,5,Hghmnds never disappoint me hihi love this so much ❤️❤️❤️❤️❤️❤️❤️❤️❤️❤️❤️❤️❤️❤️❤️❤️❤️❤️,Kenneth L.,2023-09-13,87,True
Lazada,3134874109,HGHMNDS - PRICE CHECK,5,mamzkskskskskskskaoaoaowwkkwowkwkwlwlwllwlwslslslslslslslslslslslslsqowoowqoow,F***.,2022-08-24,78,True
Lazada,3134874109,HGHMNDS - PRICE CHECK,5,super solid talagahhhhhhhhhhhh!!!! halos naka 8 napo kooh bili sana nman magkaroon kau ng freebues,M***.,2022-06-24,98,True
Lazada,3134874109,HGHMNDS - PRICE CHECK,5,"The design caught my attention, and really without hesitating. I bought it, when it was delivered it was well packed. With FREE stickers pa! Love the design so much, ver6 unique! Thank you seller! 🫶🏼🖤",Paul B.,2023-09-06,200,True
Lazada,3134874109,HGHMNDS - PRICE CHECK,5,"ayos siya pre, maganda quality. bili na kayo, pero kayo bahala malalaki na kayo e. pero ito nga goods siya.",Mark P.,2023-09-08,107,True
Lazada,3134874109,HGHMNDS - PRICE CHECK,5,"Material:excellent,
 Size:true
 Design:awesome 
mejo natagalan bago ulet ako naka bili sa hghmnds, mas maganda yun tela nila ngayon compare sa dati, mas makapal. sulit na sulit.",G***.,2023-08-30,177,True
Lazada,3134874109,HGHMNDS - PRICE CHECK,5,🔨Durability:  ljsjssjjajsjaahahahahqhqhwhqhqhqqhqhwhwhwwhwhwhwhwhwhwhwhwwhwhwhwhwhwhwhwhw,R***o,2025-10-15,89,True
Lazada,3134874109,HGHMNDS - PRICE CHECK,5,all goods ang item pang ilang order ko na toh legit....  salamat sa seller ang bilis pa ng delivery salamat dn kay kuyar rider,charlie M.,2023-07-31,126,True
Lazada,3134874109,HGHMNDS - PRICE CHECK,5,goods na goods talagang uulut ulitin bumili♥️,Rey G.,2023-09-11,45,True
Lazada,3134874109,HGHMNDS - PRICE CHECK,5,Solid👌,J***.,2022-06-21,6,False
Lazada,3134874109,HGHMNDS - PRICE CHECK,5,"HGHMNDS clothing is suitable for all seasons., I love the design of HGHMNDS clothing!,",Topher Calderon,2025-09-13,86,True
Lazada,3134874109,HGHMNDS - PRICE CHECK,5,Material:  good,Francis J.,2023-09-17,15,False
Lazada,3134874109,HGHMNDS - PRICE CHECK,5,"I love the design of HGHMNDS clothing!, HGHMNDS clothing is made with high-quality materials., I love the design of HGHMNDS clothing!, I love the design of HGHMNDS clothing!, I love the design of HGHMNDS clothing!,",E***o,2024-05-24,214,True
Lazada,3134874109,HGHMNDS - PRICE CHECK,5,"Material:nice
 Size:nice
 Design:nice
ok na ok na ok na ok na ok na ok
ok na ok na ok na ok na ok na ok
ok na ok na ok na ok na ok na ok",J***e,2023-12-13,136,True
Lazada,3134874109,HGHMNDS - PRICE CHECK,5,"Material:  HGHMNDS clothing is made with high-quality materials., I love the design of HGHMNDS clothing!, HGHMNDS clothing is suitable for all seasons.,",R***t,2024-12-12,152,True
Lazada,3134874109,HGHMNDS - PRICE CHECK,5,very good ang quality. vucyyfdtsrsrrddfuvbubijojokjojnihihgyfffugiigivihhibibibifufudydydydufifigigigugugigi,9***9,2024-01-07,108,True
Lazada,3134874109,HGHMNDS - PRICE CHECK,5,"HGHMNDS clothing is suitable for all seasons., I love the design of HGHMNDS clothing!,  SOLID AS ALWAYS NEXT SAHOD ULIT BOSS. DI KO NA NA-PICTURAN NI LABHAN KO NA KASI AGAD HAHA",Prince,2024-02-25,177,True
Lazada,3134874109,HGHMNDS - PRICE CHECK,5,"HGHMNDS clothing is made with high-quality materials., I love the design of HGHMNDS clothing!, suki naku ng hghmnds baka naman hehehe salamat po ..oorder at oorder parin 🥰🥰salamat kay kua na nag deliver apaka bait po ❤️",S***S,2024-01-06,219,True
Lazada,3134874109,HGHMNDS - PRICE CHECK,5,yes i,Drin T.,2022-06-20,5,False
Lazada,3134874109,HGHMNDS - PRICE CHECK,5,Maganda yung item. well packed. mabilis rin ang shipping. Highly recommended itong shop na to.,N***s,2024-01-07,94,True
Lazada,3134874109,HGHMNDS - PRICE CHECK,5,"Design:
rmrgmgmmggmmgmgmgmgmgmgkglgkkgkgkgkvkvkcckckcckckckckccckckckknffmfgmgmgmgmgmgmg",Karen,2024-01-31,88,True
Lazada,3134874109,HGHMNDS - PRICE CHECK,5,"supper legit hghmnds subra Ganda Ang. kapal pa nag TILA I love the design of HGHMNDS clothing!,",J***a,2024-01-05,95,True
Lazada,3134874109,HGHMNDS - PRICE CHECK,5,hshshshsjsjsjs sshs su shs wjs shsbshsjsjsjjsjsjsjsjsjsjdjdjdjsjsjsjejsjsnsjjsjsjsj,C***o,2023-12-21,83,True
Lazada,3134874109,HGHMNDS - PRICE CHECK,5,wala ako masabi hehehehehehhehehehehehehehehhehehehehehehehehehehhehehehe solid naman lagi,J***.,2023-06-17,90,True
Lazada,3134874109,HGHMNDS - PRICE CHECK,5,angas talaga ng clothing mo boss omar b solid na solid maganda ang tela sigurado talaga quality,R***.,2023-06-19,95,True
Lazada,3134874109,HGHMNDS - PRICE CHECK,5,"Nice
 Size:  good
 Design:  good
 Material:  good",Christian,2024-03-15,49,True
Lazada,3134874109,HGHMNDS - PRICE CHECK,5,soliddd parr,Neifal J.,2023-06-09,12,False
Lazada,3134874109,HGHMNDS - PRICE CHECK,5,Size:M/L Material:quality Design:satisfy,rj F.,2023-06-09,40,True
Lazada,334132243,SURFER - HGHMNDS,5,"Material:SOLID MAGANDA
 Size:SAKTO SA SIZE KO MEDIUM
 Design:SWAK SA BUDGET AT MAGANDA",MELVIN T.,2023-09-05,86,True
Lazada,334132243,SURFER - HGHMNDS,5,solid nagkaroon din ako neto buti nagrerestock palage si idol omar maganda to suutin pag nasa beach at pagmagsesurfing bagay na bagay to thanks highminds 🥰😊😍,P***y,2023-10-14,157,True
Lazada,334132243,SURFER - HGHMNDS,5,Solid 🔥angas mga idolo,****5,2021-07-21,22,True
Lazada,334132243,SURFER - HGHMNDS,5,Ganda paden walang pinag bago sobrwng sulit erap nyo mga pareeee bosss omarrr b tenchuu muah,M***.,2022-08-11,92,True
Lazada,334132243,SURFER - HGHMNDS,5,ang tagal ko ng gustong bumili ng hghmnds kaso hindi ako makabili hanggang bumili na nga ako hahahaha,j***.,2022-08-15,101,True
Lazada,334132243,SURFER - HGHMNDS,5,The shirt is good. The quality is perfection as well as the prints. It is affordable and fits the best.,Azrin K.,2022-12-21,103,True
Lazada,334132243,SURFER - HGHMNDS,5,"love the design, you can never go wrong with Hghmnds. . 😁 abang-abang nlng sa sale nang makarami . . . 😁 👌",R***.,2022-09-20,106,True
Lazada,334132243,SURFER - HGHMNDS,5,Ganda talaga🔥❤️,Jhaysuer D.,2021-04-25,15,False
Lazada,334132243,SURFER - HGHMNDS,5,"The SURFER - HGHMNDS is so stylish!, The SURFER - HGHMNDS fits me perfectly.,",Sixto R. Reyno Jr,2026-06-08,77,True
Lazada,334132243,SURFER - HGHMNDS,5,Ang ganda❤️❤️❤️,Jhaniel P.,2020-11-14,15,False
Lazada,334132243,SURFER - HGHMNDS,5,"High quality., 
 Size:Great sizing., 
 Material:Nice texture.,",Adrian Familaran,2026-06-01,62,True
Lazada,334132243,SURFER - HGHMNDS,5,Kung gaano ka solid ang HIGHMINDS dati man solid na naman ngayon👊.Packaging palang solid na at lalong lalo na naman ung eteketa may certified authentic na⭐⭐⭐⭐⭐,R***.,2023-09-21,159,True
Lazada,334132243,SURFER - HGHMNDS,5,anu pa ba dapat sabihin sa hghmnds syempre ganun pa rin overall ang ganda pa rin solid parin..💯💯💥💥💥🔥🔥,Elbert Laguidao,2023-10-16,101,True
Lazada,334132243,SURFER - HGHMNDS,5,yes i........................................................................,Kuya W.,2023-07-10,77,True
Lazada,334132243,SURFER - HGHMNDS,5,Solid talaga pag HGHMNDS 👌👌👌Ilang beses na ako umorder solid parin walang pagbabago👍👍👌,P***.,2023-09-06,86,True
Lazada,334132243,SURFER - HGHMNDS,5,ayos,I***.,2021-05-06,4,False
Lazada,334132243,SURFER - HGHMNDS,5,Super ganda ng damit♥️🥺Bili ulit ako kapag nag sale ulit.♥️♥️♥️ Angas.🔥♥️♥️ Thankyou seller♥️♥️♥️ 1million star  ⭐⭐⭐⭐⭐⭐⭐⭐⭐⭐⭐⭐⭐⭐⭐⭐⭐⭐⭐⭐⭐⭐⭐⭐⭐⭐⭐⭐⭐⭐⭐⭐⭐⭐⭐⭐⭐⭐⭐⭐⭐⭐⭐⭐⭐⭐⭐⭐⭐⭐⭐⭐⭐⭐⭐⭐⭐⭐⭐⭐⭐⭐⭐⭐⭐⭐⭐⭐⭐⭐⭐⭐⭐⭐⭐⭐⭐⭐⭐⭐⭐⭐⭐⭐⭐⭐⭐⭐⭐⭐⭐⭐⭐⭐⭐⭐⭐⭐⭐⭐⭐⭐⭐⭐⭐⭐⭐⭐⭐⭐⭐⭐⭐⭐⭐⭐⭐⭐⭐⭐⭐⭐⭐⭐⭐⭐⭐⭐⭐⭐⭐⭐⭐⭐⭐⭐⭐⭐⭐⭐⭐⭐⭐⭐⭐⭐⭐⭐⭐⭐⭐⭐⭐⭐⭐⭐⭐⭐⭐⭐⭐⭐⭐⭐⭐⭐⭐⭐⭐⭐⭐⭐⭐⭐⭐⭐⭐⭐⭐⭐⭐⭐⭐⭐⭐⭐⭐⭐⭐⭐⭐⭐⭐⭐⭐⭐⭐⭐⭐⭐⭐⭐⭐⭐⭐⭐⭐⭐⭐⭐⭐⭐⭐⭐⭐⭐⭐⭐⭐⭐⭐⭐⭐⭐⭐⭐⭐⭐⭐⭐⭐⭐⭐⭐⭐⭐⭐⭐⭐⭐⭐⭐⭐⭐⭐⭐⭐⭐⭐⭐⭐⭐⭐⭐⭐⭐⭐⭐⭐⭐⭐⭐⭐⭐⭐⭐⭐⭐⭐⭐⭐⭐⭐⭐⭐⭐⭐⭐⭐⭐⭐⭐⭐⭐⭐⭐⭐⭐⭐⭐⭐⭐⭐⭐⭐⭐⭐⭐⭐⭐⭐⭐⭐⭐⭐⭐⭐⭐⭐⭐⭐⭐⭐⭐⭐⭐⭐⭐⭐⭐⭐⭐⭐⭐⭐⭐⭐⭐⭐⭐⭐⭐⭐⭐⭐⭐⭐⭐⭐⭐⭐⭐⭐⭐⭐⭐⭐⭐⭐⭐⭐⭐⭐⭐⭐⭐⭐⭐⭐⭐⭐⭐⭐⭐⭐⭐⭐⭐⭐⭐⭐⭐⭐⭐⭐⭐⭐⭐⭐⭐⭐⭐⭐⭐⭐,clarize G.,2021-06-18,498,True
Lazada,334132243,SURFER - HGHMNDS,5,Size:ang ganda solid talaga,********651,2023-10-01,27,True
Lazada,334132243,SURFER - HGHMNDS,5,"Stay KALMADO<33 angas talaga ng Hghmnds,,order ulit ako next month ehehe angas mo talaga BOSS OMAR <3,,,STAY KALMADO gaizzzz",9***4,2021-12-15,124,True
Lazada,334132243,SURFER - HGHMNDS,5,Angas 👌🔥🔥🔥,E***.,2022-11-13,10,False
Lazada,334132243,SURFER - HGHMNDS,5,"sobrang solid ang ganda po talaga ng HGHMNDS clothing 🥰
mapapaulit po talaga ako, pashpash😊",J***.,2021-06-27,91,True
Lazada,334132243,SURFER - HGHMNDS,5,Ssshhhhsss🔥 napaka silid,D***.,2023-07-04,24,True
Lazada,334132243,SURFER - HGHMNDS,5,maganda tela.makapal.will.order again hopefully pag nilabahan ganun pa.drn texture mya,Gemmalyn R.,2022-12-13,86,True
Lazada,334132243,SURFER - HGHMNDS,5,Ok naman.🤣,Jon V.,2022-11-12,10,False
Lazada,334132243,SURFER - HGHMNDS,5,angas boss Omar solid tlaga highminds no.1 clothing parin tlaga wlang tatalo d k tlaga mag sisisi,9***4,2022-11-17,97,True
Lazada,334132243,SURFER - HGHMNDS,5,wala lang sticker 😣,M***.,2022-09-12,19,False
Lazada,334132243,SURFER - HGHMNDS,5,"All goods po, napaka ganda. maraming salamat boss omar b!",Y***.,2022-12-20,57,True
Lazada,334132243,SURFER - HGHMNDS,5,"ganda kaso di nalagyan ni boss omar sticker 
5star",Justin D.,2022-11-16,50,True
Lazada,334132243,SURFER - HGHMNDS,5,Maganda yung tela tsaka print. sulit. 😁😁😁😁😁😁😁😁😁😁😁😁😁😁😁😁😁😁😁😁😁😁,********436,2022-11-18,60,True
Lazada,334132243,SURFER - HGHMNDS,5,"First time ko umorder dito and Hindi talaga ako nagsisisi kasi sobrang legit, maganda siya..",B***.,2022-12-09,92,True
Lazada,1492714459,HGHMNDS ONLINE - FREEDOM T-SHIRT,5,"Excellent quality, worth the price., The fabric is comfortable and soft., Great design, love it!, The XL size fits me perfectly., The XL size fits me perfectly., Perfect fit, true to size., The black color looks sleek and stylish.,",N***o,2026-05-25,231,True
Lazada,1492714459,HGHMNDS ONLINE - FREEDOM T-SHIRT,5,"My husband loved it! Super quality ng print at tshirt.
Yung old Hghmds ng asawa ko okay parin ang print kahit naka ilang laba na. will definitely buy again ❤️",P***e,2024-11-18,158,True
Lazada,1492714459,HGHMNDS ONLINE - FREEDOM T-SHIRT,5,"The black color looks sleek and stylish., The fabric is comfortable and soft., Great design, love it!, The XL size fits me perfectly., Perfect fit, true to size.,",I***o,2026-01-11,162,True
Lazada,1492714459,HGHMNDS ONLINE - FREEDOM T-SHIRT,5,Solid bagay na bagay sa sapatos at pamorma first time ko bumili ng highminds shirt pag dating solid agad thanks boss Omar B sa napakagandang concept ng design,Ruzzel A.,2021-04-17,158,True
Lazada,1492714459,HGHMNDS ONLINE - FREEDOM T-SHIRT,5,Goods Thanyouu po,Glenn E.,2023-07-30,17,False
Lazada,1492714459,HGHMNDS ONLINE - FREEDOM T-SHIRT,5,"Perfect fit, true to size., Excellent quality, worth the price., The XL size fits me perfectly., Great design, love it!, The black color looks sleek and stylish., The fabric is comfortable and soft.,  ang angassss talaga kapag highminds wala tatalo sa brand nato ., ❤️ kudos sayo idol B. at kay kuya CLR idol 🎉🎉😇😇",yuki,2024-10-15,313,True
Lazada,1492714459,HGHMNDS ONLINE - FREEDOM T-SHIRT,5,"Great design, love it!, Perfect fit, true to size., Excellent quality, worth the price.,",********622,2024-11-15,88,True
Lazada,1492714459,HGHMNDS ONLINE - FREEDOM T-SHIRT,5,Ganda ♥️♥️ Quality Omar Baliw 😂♥️,JC S.,2021-11-18,33,True
Lazada,1492714459,HGHMNDS ONLINE - FREEDOM T-SHIRT,4,🎧Comfort:maganda ang tela makapal,A***s,2026-06-22,33,True
Lazada,1492714459,HGHMNDS ONLINE - FREEDOM T-SHIRT,5,if 8tcg96g96f8t63dt8c8td6t8c8tfursyofit,Melody S.,2021-08-14,39,True
Lazada,1492714459,HGHMNDS ONLINE - FREEDOM T-SHIRT,5,"Quality yung shirt. Solid ng design.
Faaaast delivery! ❤️
Otw na yung isa pa. 😊
Thank you!",C***.,2021-08-12,90,True
Lazada,1492714459,HGHMNDS ONLINE - FREEDOM T-SHIRT,5,sobra ganda ng tela solit talaga,Gift Manalo Gelay,2026-05-25,32,True
Lazada,1492714459,HGHMNDS ONLINE - FREEDOM T-SHIRT,5,solid talaga many times ng nakaorder solid lahat ng shirt mgnda lht ng design at mgnda tela thank you seller,9***4,2021-06-16,108,True
Lazada,1492714459,HGHMNDS ONLINE - FREEDOM T-SHIRT,5,napaka solid talaga 🔥,0***7,2021-08-12,21,True
Lazada,1492714459,HGHMNDS ONLINE - FREEDOM T-SHIRT,5,dumadami na hghmnds shirt ko pati sticker👌,Z***.,2021-03-18,42,True
Lazada,1492714459,HGHMNDS ONLINE - FREEDOM T-SHIRT,5,well done..,Mhel Cuaresma,2025-03-13,11,False
Lazada,1492714459,HGHMNDS ONLINE - FREEDOM T-SHIRT,5,ito solid din hhahahw8eksgdeiwnwowehjeiejjeopfbfjdkndnenebesbhdbdjebejehebrjebwjwuwbbej4hrrbew,Zardus B.,2021-11-14,94,True
Lazada,1492714459,HGHMNDS ONLINE - FREEDOM T-SHIRT,5,Solid first time kong umorder sa highminds hindi nila ako binigo sa quality at bilis ng shipping kudos boss omar b,B***.,2021-02-02,114,True
Lazada,1492714459,HGHMNDS ONLINE - FREEDOM T-SHIRT,5,20/10,T***r,2026-05-15,5,False
Lazada,1492714459,HGHMNDS ONLINE - FREEDOM T-SHIRT,5,biglang pogi ako 🤣🤣 slmat omar baliw sa magandang clothing,Porlaje M.,2020-12-16,58,True
Lazada,1492714459,HGHMNDS ONLINE - FREEDOM T-SHIRT,5,💯 %! na uulit at uulit ako ng bili solid. Kudos HIGHMINDS 🤘👌 pang 3rd purchase ko na to baka naman po boss OMAR 😊😁,9***0,2023-10-04,114,True
Lazada,1492714459,HGHMNDS ONLINE - FREEDOM T-SHIRT,5,"Got a 3XL shirt. Looks nice and sakto ang fit sakin.
it is also good na may measurement table. May kahabaan lang ng konti yung shirt. I like the design plus Freedom is also a song of SB19. (Stream niyo hehe) 💙 Sinabay ko na sa pagbili ng gift for my nephew. All good, the quality of the shirt is superb. First time to have one buti nakasale 😅 Thank you, HGHMNDS. ☺",A***o,2023-11-02,364,True
Lazada,1492714459,HGHMNDS ONLINE - FREEDOM T-SHIRT,5,"Material:10/10
 Size:10 /10
 Design:10/10 
.......,..,.,.,..,.,,..,.,,..,.,.,.,.,,,.,.,.,.,.,...........",eufemia,2023-11-13,104,True
Lazada,1492714459,HGHMNDS ONLINE - FREEDOM T-SHIRT,5,"Perfect fit, true to size., Perfect fit, true to size., The fabric is comfortable and soft.,",k***o,2024-02-27,92,True
Lazada,1492714459,HGHMNDS ONLINE - FREEDOM T-SHIRT,5,"Excellent quality, worth the price., The fabric is comfortable and soft., The black color looks sleek and stylish., The black color looks sleek and stylish., Perfect fit, true to size., Great design, love it!,",J***r,2025-11-27,209,True
Lazada,1492714459,HGHMNDS ONLINE - FREEDOM T-SHIRT,5,jdjsjdjdjdjdjdl😭😭😣😣😣😣😭😣😣😭😭😭😭😭😭😭😭😭😭😭😭😭😭😭😭😭😭😣😭😭😭😭😭😭😭😭,Charls,2023-11-14,51,True
Lazada,1492714459,HGHMNDS ONLINE - FREEDOM T-SHIRT,5,Subrang solid po sya,********647,2021-08-14,20,True
Lazada,1492714459,HGHMNDS ONLINE - FREEDOM T-SHIRT,5,Worth it ang pag aantay 🤙🏽🔥 angas talaga ng HGHMNDS CLOTHING iiskor ako ulet sir Omar baliw🤙🏽,JB R.,2021-07-06,93,True
Lazada,1492714459,HGHMNDS ONLINE - FREEDOM T-SHIRT,5,Legit! sobrang ganda ng quality at print! thank you!,Rommel,2023-11-17,52,True
Lazada,1492714459,HGHMNDS ONLINE - FREEDOM T-SHIRT,5,"Size:true to size
 Design:maganda
 Material:good quality",J***o,2023-11-15,56,True
Lazada,5145795227,HGHMNDS CLO. - Daruma Shirt .2025,1,imitation sana tigilan niyo ginagawa niyong pag gaya ng mga items tapos quality sobrang down graded shame on you!,Third-Party-User,2026-05-20,113,True
Lazada,3495073558,HGHMNDS - THANKFUL DAILY,5,SOLIDDDDDDDDDDD,N***.,2023-05-10,15,False
Lazada,3495073558,HGHMNDS - THANKFUL DAILY,5,"Fast shipping, Hip-hop style, Graphic print, Good packaging,",Mark,2026-06-08,60,True
Lazada,3495073558,HGHMNDS - THANKFUL DAILY,5,thank you po napa ka solid 🔥🔥❤️😍 Design:meduim,Jomer P.,2023-04-08,46,True
Lazada,3495073558,HGHMNDS - THANKFUL DAILY,5,"Size:true to size
 Material:very nice
 Design:nice and quality design",M***.,2023-09-27,69,True
Lazada,3495073558,HGHMNDS - THANKFUL DAILY,5,sulit free shipping🫶,Victor C.,2023-01-06,20,True
Lazada,3495073558,HGHMNDS - THANKFUL DAILY,5,Solid talaga mga damit mo boss omar sa uulitin😊😁 salamat din sa seller maganda pag ka packaging 😊,Mark L.,2023-01-06,97,True
Lazada,3495073558,HGHMNDS - THANKFUL DAILY,5,salamat boss omar solid tlga ng highminds sa uulitin boss sna mag karoon ako ng ibang freebies pag 3pcs inorder ko hahahahhahah,Ram G.,2023-08-01,127,True
Lazada,3495073558,HGHMNDS - THANKFUL DAILY,5,"As ALWAYS MAGANDA YUNG TELA, SULIT DAHIL NAKA DISCOUNT DURING 3.3, SALAMAT HIGHMINDS AT KAY SIR OMAR B. SALUDO SA INYO 💚",Louis A.,2023-03-15,120,True
Lazada,3495073558,HGHMNDS - THANKFUL DAILY,5,omar bait po ! salamat po omar bait!salamat po omar bait!salamat po omar bait!omar bait po ! salamat po omar bait!salamat po omar bait!salamat po omar bait!,9***2,2023-01-04,156,True
Lazada,3495073558,HGHMNDS - THANKFUL DAILY,5,Good Quality ..,Love R.,2023-03-15,15,False
Lazada,3495073558,HGHMNDS - THANKFUL DAILY,5,goods na goods napka sulit,9***9,2023-03-06,26,True
Lazada,3495073558,HGHMNDS - THANKFUL DAILY,5,Salamat sa isa na nman napaka sidong Tshirt Boss Omar B. Sa uulitin 🔥🔥🔥,Jan E.,2023-02-08,71,True
Lazada,3495073558,HGHMNDS - THANKFUL DAILY,5,Sobrang Solid talaga basta HGMINDS! ang ganda ng mga items. order ako ulit,John H.,2023-01-09,74,True
Lazada,3495073558,HGHMNDS - THANKFUL DAILY,5,SOLID TALAGA BASTA HIGHMINDS ❤️,Harold G.,2022-12-29,31,True
Lazada,3495073558,HGHMNDS - THANKFUL DAILY,5,good item,9***7,2023-11-21,9,False
Lazada,3495073558,HGHMNDS - THANKFUL DAILY,5,ganda!,Zac,2023-11-13,6,False
Lazada,3495073558,HGHMNDS - THANKFUL DAILY,5,solid,benjamin J.,2023-01-03,5,False
Lazada,3495073558,HGHMNDS - THANKFUL DAILY,5,"Material:Syempre 5 ⭐️  yan matic highminds eh. Pang 4th order ko na to. 😋 
#JomarBaliw!!!!",Elmer A.,2023-06-11,90,True
Lazada,3495073558,HGHMNDS - THANKFUL DAILY,5,"Material:Good Quality Size:Perfect fit Design:Awesome 
I will order again if may sale.",Mia A.,2023-05-25,86,True
Lazada,3495073558,HGHMNDS - THANKFUL DAILY,5,items received complete. thanks 😊,M***.,2023-05-19,33,True
Lazada,3495073558,HGHMNDS - THANKFUL DAILY,5,"sobrang ganda nia ,makapal ang tela niya,panis si fubu legit na original siya.malamig pa sya sa katawan.",9***0,2023-04-08,104,True
Lazada,3495073558,HGHMNDS - THANKFUL DAILY,5,"maganda siya,,hindi ka mag sisisi kapag bumili ka kasi pinanis nia si fubu..nagustuhan talaga namin mag asawa kaya couple kame ng damit",9***0,2023-04-08,135,True
Lazada,3495073558,HGHMNDS - THANKFUL DAILY,5,olguds 👌,9***2,2023-06-09,8,False
Lazada,3495073558,HGHMNDS - THANKFUL DAILY,5,maganda hahahahahhahahahahahahhahahahahahahahahhahaahahahajhahahahhahahahahahah,Christian A.,2023-03-31,79,True
Lazada,3495073558,HGHMNDS - THANKFUL DAILY,5,thanks so much HGHMNDS!!!,Joshuadepolonia,2023-03-12,25,True
Lazada,3495073558,HGHMNDS - THANKFUL DAILY,5,,J***.,2023-05-07,0,False
Lazada,3495073558,HGHMNDS - THANKFUL DAILY,5,sobrang solid po💪💪💪💪💪,Jhay A.,2023-02-16,21,True
Lazada,3495073558,HGHMNDS - THANKFUL DAILY,5,Very nice ❤️❤️❤️ very good 👍👍👍👍👍👍👍👍👍👏👍👍👏👍👍👍👍👍👍👍👍👏😀😀😀😀☺️,Recel C.,2023-01-10,55,True
Lazada,3495073558,HGHMNDS - THANKFUL DAILY,5,goods lang,Kath J.,2023-01-07,10,False
Lazada,3495073558,HGHMNDS - THANKFUL DAILY,5,😎huhuhuuuuuuuuu,Poma C.,2023-03-04,15,False
Lazada,4225930903,HGHMNDS -13TH MASK,5,maganda tela and print quality po salamat,Katherine,2024-05-11,41,True
Lazada,4225930903,HGHMNDS -13TH MASK,5,"Wide range of sizes available, High-quality construction and stitching, Eye-catching 13th mask design, Unique and trendy fashion choice,",Jhon,2024-12-30,136,True
Lazada,4225930903,HGHMNDS -13TH MASK,5,"maganda at syempre solid talaga basta hghmnds❤️❤️ sa uulitin po..
 videos and pictures is not related",Leizle cuid,2024-02-07,101,True
Lazada,4225930903,HGHMNDS -13TH MASK,5,"Unique and trendy fashion choice, Versatile crew neck design, Soft and comfortable poly-cotton material,",R***n,2024-12-28,104,True
Lazada,4225930903,HGHMNDS -13TH MASK,5,"Eye-catching 13th mask design, Perfect for sport and street style,",JONH,2025-01-12,66,True
Lazada,4225930903,HGHMNDS -13TH MASK,5,"🛠️Durability:Matik basta HMNDS
 Design:Simple pero rock
 Buti nakaabot pa kasi discontinued na ang design. as usual napakasolid 👌",Melasurej Aj,2026-01-22,129,True
Lazada,4225930903,HGHMNDS -13TH MASK,5,"Eye-catching 13th mask design, Soft and comfortable poly-cotton material, High-quality construction and stitching, Great fit in all seasons,",ARNOLD,2026-01-16,140,True
Lazada,4225930903,HGHMNDS -13TH MASK,5,"Design:Eye-catching graphics, 
 
🎧goodsVery comfortable fit, 
 Durability:Very durable material, 
 🏅Material Quality:syempre the best hghmnds!",Christian,2025-11-20,142,True
Lazada,4225930903,HGHMNDS -13TH MASK,5,"🎨Design:Very Great 
 🏅Material Quality:Good Quality 
 
Maayos Ang Pagkabalot at Walang Damage Makapal ang Tela. Authentic Hghmnds Talaga may pa free sticker. Order Ulit ako Next Time.",B***o,2025-11-12,183,True
Lazada,4225930903,HGHMNDS -13TH MASK,5,"High-quality construction and stitching, Great fit in all seasons, 
 🎨Design:Cool motorcycle designs, Cool motorcycle graphics,",t***5,2025-11-04,127,True
Lazada,4225930903,HGHMNDS -13TH MASK,5,"Material:Perfect for sport and street style, High-quality construction and stitching, Stylish graphic print design,",K***e,2024-08-08,115,True
Lazada,4225930903,HGHMNDS -13TH MASK,5,"kalmado lang pagsumasalsal Ang mga beterano sa kuntrabando Eye-catching 13th mask design, High-quality construction and stitching,",M***s,2024-07-14,130,True
Lazada,4225930903,HGHMNDS -13TH MASK,5,maayos,Allec Biggayan,2023-11-17,6,False
Lazada,4225930903,HGHMNDS -13TH MASK,5,Solid,David,2023-11-23,5,False
Lazada,4225930903,HGHMNDS -13TH MASK,5,Quality 🔥👌,Louis,2023-11-20,10,False
Lazada,4225930903,HGHMNDS -13TH MASK,5,"Eye-catching 13th mask design, Perfect for sport and street style, Versatile crew neck design, Great fit in all seasons,",Yellow,2024-05-18,120,True
Lazada,4225930903,HGHMNDS -13TH MASK,4,"Size:Wrong size 
Hi sana po sa ssunod paki ckeck po ng mabuti ang size na inorder ng customer sa inyo . Size S ung inorder ko pero XS ang dumating 🥴 Sana hindi na maulit yung ganitong pangyayare  naka ilang order nko dito pero ngayon lang nag kamali sa size . Pakicheck nlng po sa ssunod . thankyou",H***a,2024-01-07,298,True
Lazada,4225930903,HGHMNDS -13TH MASK,5,"Eye-catching 13th mask design, Soft and comfortable poly-cotton material, Great fit in all seasons, Perfect for sport and street style, Short sleeves for a casual look, High-quality construction and stitching, Unique and trendy fashion choice, Wide range of sizes available,",Almario,2024-12-30,274,True
Lazada,4225930903,HGHMNDS -13TH MASK,5,"Perfect for sport and street style, Soft and comfortable poly-cotton material, Versatile crew neck design, Stylish graphic print design,",a***o,2024-02-06,136,True
Lazada,4225930903,HGHMNDS -13TH MASK,5,"Design:Soft and comfortable poly-cotton material, Perfect for sport and street style, Short sleeves for a casual look, 
 🛠️Durability:solid
 solid
🎨 Design:solid
 🎧Comfort:swak",J***l,2025-06-11,176,True
Lazada,4225930903,HGHMNDS -13TH MASK,5,"Short sleeves for a casual look, Eye-catching 13th mask design, Perfect for sport and street style, Soft and comfortable poly-cotton material, Stylish graphic print design,",J***g,2025-06-22,172,True
Lazada,4225930903,HGHMNDS -13TH MASK,5,"High-quality construction and stitching, Soft and comfortable poly-cotton material, Great fit in all seasons, Perfect for sport and street style, Unique and trendy fashion choice, Versatile crew neck design, Unique and trendy fashion choice, Short sleeves for a casual look,",renante t. diaz,2024-02-22,274,True
Lazada,4225930903,HGHMNDS -13TH MASK,5,"Perfect for sport and street style, Versatile crew neck design,",Diolito,2025-01-01,63,True
Lazada,4225930903,HGHMNDS -13TH MASK,5,LAGING SOLID TALAGA PAG HIGHMINDS 🔥 SALAMAT PALAGI IDOL OMAR B 🙌🫶,Mark Gil O.,2024-02-14,65,True
Lazada,4225930903,HGHMNDS -13TH MASK,5,"Material:Quality 👌
 Size:Match 
 Design:Perfect 💖",J***o,2023-11-30,49,True
Lazada,4225930903,HGHMNDS -13TH MASK,5,"Material:Amazing ✔️
 Size:Awesome ✔️
 Design:Great ✔️",𝕀𝕧𝕞ℝ𝕧𝕪,2023-12-09,53,True
Lazada,4225930903,HGHMNDS -13TH MASK,5,napa angas Ng design 5stars sakin solid boss Omar B,Ralph Bapial,2025-01-14,51,True
Lazada,4225930903,HGHMNDS -13TH MASK,5,"Material:Ok
 Size:Ok
 Design:Ok",Erlhan,2023-11-26,31,True
Lazada,4225930903,HGHMNDS -13TH MASK,5,"Unique and trendy fashion choice,",Kentjohn mamac,2025-01-08,33,True
Lazada,4225930903,HGHMNDS -13TH MASK,5,Solid lalo na quality,Rhenalyn,2023-11-27,21,True
Lazada,4583284428,HGHMNDS CLO. - Burn Rubber,5,"Stylish design, Stylish design, Value for money, Durable poly-cotton material, 
 Design:Versatile round neckline,",Christian,2024-10-21,113,True
Lazada,4583284428,HGHMNDS CLO. - Burn Rubber,5,"Excellent quality, Value for money, Soft and comfortable fabric, Durable poly-cotton material, Great fit for all sizes,",patrick,2025-03-19,119,True
Lazada,4583284428,HGHMNDS CLO. - Burn Rubber,5,10/10 quality,James,2025-03-20,13,False
Lazada,4583284428,HGHMNDS CLO. - Burn Rubber,5,"Looks even better in person, Durable poly-cotton material, Soft and comfortable fabric, Versatile round neckline, Excellent quality,",James Vizcarra,2025-11-03,132,True
Lazada,4583284428,HGHMNDS CLO. - Burn Rubber,5,"Perfect for casual wear, Soft and comfortable fabric, Great fit for all sizes, Durable poly-cotton material, Fashionable and trendy,",Romel De Guia,2024-09-12,132,True
Lazada,4583284428,HGHMNDS CLO. - Burn Rubber,5,maganda makapal ang tela at mabilis na deliver maayos din packaging at may free na sticker order po ulit ako thank you,Pelipena,2024-09-14,118,True
Lazada,4583284428,HGHMNDS CLO. - Burn Rubber,5,maganda yung shirt gustong gusto ng asawa ko pag dating isinuot na nya agad heheheh orig talaga,Nate,2024-09-03,95,True
Lazada,4583284428,HGHMNDS CLO. - Burn Rubber,5,"Fashionable and trendy, Excellent quality, Perfect for casual wear, Looks even better in person",E***a,2024-08-30,95,True
Lazada,4583284428,HGHMNDS CLO. - Burn Rubber,5,ganda sana kaso may dumi na agad kaka bukas lang aray ko. ano to HGHMNDS???,Ericniño,2025-11-14,75,True
Lazada,4583284428,HGHMNDS CLO. - Burn Rubber,5,never ako binigo ng highminds sa quality ng damit nila 🤙🏾 Ps. RESTOCK VOLUME RISE LARGE PLEASE!,A***n,2025-01-31,95,True
Lazada,4583284428,HGHMNDS CLO. - Burn Rubber,5,Quality,Lazada Guest,2025-11-05,7,False
Lazada,4583284428,HGHMNDS CLO. - Burn Rubber,5,goods na goods,Rheajane Benosa,2024-08-20,14,False
Lazada,4583284428,HGHMNDS CLO. - Burn Rubber,5,"Excellent quality, Soft and comfortable fabric,",Erwin De Mesa,2025-04-02,47,True
Lazada,4583284428,HGHMNDS CLO. - Burn Rubber,5,Design:  10/10 🛠️Durability:  10/10 🎧Comfort:  10/10 🏅Material Quality:  10/10 👟Style:  10/10,Dorene,2025-10-18,93,True
Lazada,4583284428,HGHMNDS CLO. - Burn Rubber,5,"Material:Excellent quality, 
 Design:Looks even better in person",d***3,2024-09-10,64,True
Lazada,4583284428,HGHMNDS CLO. - Burn Rubber,5,"Soft and comfortable fabric, Perfect for casual wear,",Third-Party-User,2025-10-31,53,True
Lazada,4583284428,HGHMNDS CLO. - Burn Rubber,5,never tlaga ako binigo nito ni highminds. 👌,rence cute,2024-09-13,43,True
Lazada,4583284428,HGHMNDS CLO. - Burn Rubber,5,good quality,ray,2025-12-14,12,False
Lazada,4583284428,HGHMNDS CLO. - Burn Rubber,5,Grabe goods na goods pang trenta ko na to na highmnds hihi,Marvin,2025-05-08,58,True
Lazada,4583284428,HGHMNDS CLO. - Burn Rubber,5,"Excellent quality,",Jeric Mabigat,2024-10-11,18,False
Lazada,4906365552,HGHMNDS CLO. - Victory Emblems Longsleeves,5,"🛠️Durability:good verry
 🎧Comfort:very comfortable
 🛡️Safety:maangass
 salamat highminds
hdhdjdkdkfkdkdkdkdjfjbfndndndjdnfmcjfjfjfjfj",Rhay Ann Raymundo,2025-09-12,133,True
Lazada,4906365552,HGHMNDS CLO. - Victory Emblems Longsleeves,5,"Quality:Maganda
 Appearance:maangas
 Performance:at napakaporma",Nico,2025-01-25,63,True
Lazada,4906365552,HGHMNDS CLO. - Victory Emblems Longsleeves,5,,Jhacko,2025-05-20,0,False
Lazada,5268241607,HGHMNDS ONLINE - HEART LOCATOR SHIRT,5,"High quality material, Fast shipping service, Perfect for casual look,",Nerma,2026-06-15,70,True
Lazada,5268241607,HGHMNDS ONLINE - HEART LOCATOR SHIRT,5,"Design:  perfect 🛠️Durability:  great Comfort:  good 👟Style:  100% great Relaxed fit style, Great brand image, Nice round neck design. love the print
 🏅Material Quality:  100 percent suitable",Diaren Diaz,2025-12-11,191,True
Lazada,5268241607,HGHMNDS ONLINE - HEART LOCATOR SHIRT,5,tbtb5h5bth5bth5vthrvrvrvrbtk5c2gyv v5rvf5 f5v5rb6f 5 yvtb5rcrvtvtv5cfivcygyhybtvr,R***a,2025-12-12,81,True
Lazada,5268241607,HGHMNDS ONLINE - HEART LOCATOR SHIRT,5,Design:10/10 Ganda ng Design👌🏻,R***l,2025-11-27,30,True
Lazada,5268241607,HGHMNDS ONLINE - HEART LOCATOR SHIRT,5,"Comfort:Very comfortable fit,",Michael,2025-11-17,29,True
Lazada,5268241607,HGHMNDS ONLINE - HEART LOCATOR SHIRT,5,"Fast shipping very good product Short sleeve design, Relaxed fit style, Nice round neck design, Fast shipping service, Good for daily wear,",James,2025-12-07,139,True
Lazada,5268241607,HGHMNDS ONLINE - HEART LOCATOR SHIRT,5,solid tlga wat u see is wat you get 👌🏼👌🏼👌🏼👌🏼👌🏼👌🏼👌🏼,Vanz Hivan,2025-11-17,50,True
Lazada,5268241607,HGHMNDS ONLINE - HEART LOCATOR SHIRT,5,Ang ganda😍,Maria,2025-11-19,10,False
Lazada,5268241607,HGHMNDS ONLINE - HEART LOCATOR SHIRT,5,superb product,Joseph,2025-11-15,14,False
Lazada,3279686200,HGHMNDS - PEACE OVER ALL,5,"🎨Design:Unique and attractive, Eye-catching graphics, 
 🏅Material Quality:infairness 
 Comfort:Ideal for daily use, fair in a comfortable fit.
 
Mabait si ang Delivery Rider...si Seller na nag pack ng item wala paglagi akong extra stickers in my orders bakit kaya? wala kbng awa? or may pinagdadaanan lang???",R***1,2026-06-29,308,True
Lazada,3279686200,HGHMNDS - PEACE OVER ALL,5,quality tlga pag HGHMNDS ang pinag uusapan apaka angas solid qng solid maganda tlga kaso Lang Mali aq Ng size na kinuha sobrang laki Pala size nya Kaya ANG ending benta NLNG para ibili q uli Ng tamang size na thnx seller SA uulitin,Gab gab,2026-07-03,231,True
Lazada,3279686200,HGHMNDS - PEACE OVER ALL,5,Large yung inorder ko pero XL dumating pero goods lang din gandaaa!!,Dustine B.,2023-02-17,68,True
Lazada,3279686200,HGHMNDS - PEACE OVER ALL,5,"Always my favorite brand. The quality of clothes, the design, consistent sizing. I'd give 10/100
 Material:Best
 Size:Oversized but perfect
 Design:The best",M***a,2024-12-21,156,True
Lazada,3279686200,HGHMNDS - PEACE OVER ALL,5,"Perfect for summer with its lightweight material., Regular fit makes HGHMNDS suitable for everyone.,",R***n,2025-01-05,100,True
Lazada,3279686200,HGHMNDS - PEACE OVER ALL,5,Thankyou Thankyou Thankyou Thankyou Thankyou Thankyou Thankyou Thankyou Thankyou Thankyou Thankyou,********847,2026-01-16,98,True
Lazada,3279686200,HGHMNDS - PEACE OVER ALL,5,"Design:  Regular fit makes HGHMNDS suitable for everyone.,  🛠️Durability:  Perfect for summer with its lightweight material.,",Celine Concepcion,2025-12-18,125,True
Lazada,3279686200,HGHMNDS - PEACE OVER ALL,5,"Wrong size pero okay lang sana next time tama 
Dr. jansuy cruz
-biovhemical characterization
-monotoxin(sea snail) cause paralysed
-connecting science and technology in rural areas
Dr. Fabian Milar Day r
-known as discovery of herbal medicine 
-professor
-graduated at ateneo de manila hs
-protaglatins- gamot pamamaga sa katawan
-wonder plant- leaves that serve as herbal medicine
Dr. Rafael Dineros Guerrero
-research on tilapia culture
- recognized male and female tilapia
-
Dr. Enrique Mapua Ostrea Jr. 
-inventing the meconium(stool) drugs testing - famous in Physician in the world to treat newborn babies of drug user mother. 
-reveal the use of tabaco etc. 
Dr Lilian Formalejo Patena
-For doing research on plant Biotechnology 
-discover tissue culture for garlic production 
-discover calamansi breed 
-seedless pomelo 
-micropropagation of banana industry in the Philippines
-leaf bad cutting in cassava 
Dr. Mari jo Panganiban ruez
-graph theory of 
Dr. Gregory Ligot Tongonan
-Communication Technology 
-Filipino inventor digital",0***7,2023-10-12,1042,True
Lazada,3279686200,HGHMNDS - PEACE OVER ALL,5,"Regular fit makes HGHMNDS suitable for everyone., Regular fit makes HGHMNDS suitable for everyone., Perfect for summer with its lightweight material., Perfect for summer with its lightweight material.,",C***o,2024-09-10,201,True
Lazada,3279686200,HGHMNDS - PEACE OVER ALL,5,SOLID salamat po  ☺️,****0,2022-10-08,20,True
Lazada,3279686200,HGHMNDS - PEACE OVER ALL,5,,R***a,2024-07-02,0,False
Lazada,3279686200,HGHMNDS - PEACE OVER ALL,5,"super ganda ng item na to di ako nag sisi.5 star to sakin.bili ulit ako lagi dito
ganda ng tela makapal. tapos buhay na buhay ung kulay.
salamat seller😊",Mharco S.,2022-08-25,152,True
Lazada,3279686200,HGHMNDS - PEACE OVER ALL,5,"Perfect for summer with its lightweight material., Regular fit makes HGHMNDS suitable for everyone., Perfect for summer with its lightweight material., Regular fit makes HGHMNDS suitable for everyone., Perfect for summer with its lightweight material., Regular fit makes HGHMNDS suitable for everyone., Regular fit makes HGHMNDS suitable for everyone.,",Eymon Niones II,2024-08-21,352,True
Lazada,3279686200,HGHMNDS - PEACE OVER ALL,5,"Material:Good and great quality
 Size:right size for me
 Design:I loved the design and I am amazed at how much effort into it. I will continue to buy it for you.",BOSS OWA,2024-08-13,161,True
Lazada,3279686200,HGHMNDS - PEACE OVER ALL,5,🎧Comfort:  mwjwjshehehdhdhdhddhidjsjsnsjjejrnrjrnrnrbbrbrbrbrbrbrbrbrbrbdbbdbdhdjdjdjdjdjdj,F***z,2025-10-15,91,True
Lazada,3279686200,HGHMNDS - PEACE OVER ALL,5,"Regular fit makes HGHMNDS suitable for everyone., Perfect for summer with its lightweight material.,",Joemar,2025-08-31,100,True
Lazada,3279686200,HGHMNDS - PEACE OVER ALL,5,"Regular fit makes HGHMNDS suitable for everyone., Perfect for summer with its lightweight material.,",********978,2024-07-12,100,True
Lazada,3279686200,HGHMNDS - PEACE OVER ALL,5,SOLID🔥,Axl V.,2022-08-30,6,False
Lazada,3279686200,HGHMNDS - PEACE OVER ALL,5,sobrang solid mukang ma papa order ulit ako nito ah salamat highgminds di sayang pera sainyo,E***o,2024-07-12,92,True
Lazada,3279686200,HGHMNDS - PEACE OVER ALL,5,Napa kaganda Ng Tila kaya Love ko Yung HGHMnDS Clothing,9***5,2023-05-17,55,True
Lazada,3279686200,HGHMNDS - PEACE OVER ALL,5,Material:  ang suliiiiiitttttt pooooooo 7x na ko umuorder dito ang same quality goodsssssssss 😁😁😁😁😁😁😁😁😃😃😃😃,Angelyn D. Tio,2024-10-16,106,True
Lazada,3279686200,HGHMNDS - PEACE OVER ALL,5,"Regular fit makes HGHMNDS suitable for everyone., Perfect for summer with its lightweight material., Regular fit makes HGHMNDS suitable for everyone., Perfect for summer with its lightweight material., Perfect for summer with its lightweight material., Regular fit makes HGHMNDS suitable for everyone.,",Kuya RJ,2024-10-18,302,True
Lazada,3279686200,HGHMNDS - PEACE OVER ALL,5,Yes i,FERDINAN E.,2022-12-14,5,False
Lazada,3279686200,HGHMNDS - PEACE OVER ALL,5,sobrang ganda nila lahat  sana ibang sticker naman matangap ko 😁,C***s,2023-02-14,64,True
Lazada,3279686200,HGHMNDS - PEACE OVER ALL,5,"quality paren talaga 🔥👍
kaya di nakakasawang umorder 
kung ano inorder mo un tlga ang darateng slamt ONAR B",CJhay O.,2023-01-27,107,True
Lazada,3279686200,HGHMNDS - PEACE OVER ALL,5,pang 15 order kuna to pero never pang binigo ni boss OMAR B napaka soolid na mga t-shirt  Sana may ibang design naman na bago boss good na goods TALAGANG ALAM NYO NA KUNG SINO TO YES i,John M.,2023-02-10,184,True
Lazada,3279686200,HGHMNDS - PEACE OVER ALL,5,Thankyou palagi Highminds! sa uulitin palagi❤️🔥,Angelo B.,2023-03-07,47,True
Lazada,3279686200,HGHMNDS - PEACE OVER ALL,5,"MAGANDA , MAKAPAL TELA . NAGUSTUHAN NG PARTNER KO 😍",K***a,2024-07-21,51,True
Lazada,3279686200,HGHMNDS - PEACE OVER ALL,5,"Perfect for summer with its lightweight material.,",9***6,2024-12-16,50,True
Lazada,3279686200,HGHMNDS - PEACE OVER ALL,5,perfect,Lazie Porpose,2024-07-10,7,False
Lazada,5347103441,HGHMNDS ONLINE - STREET RAISED HOODIE,5,Quality 💚💚💚💚,darwin,2026-06-08,12,False
Lazada,5347103441,HGHMNDS ONLINE - STREET RAISED HOODIE,5,"Design:  1000/100 same pic 🎧Comfort:  10000/1000 
bilis ng shipping thanks seller 
 Style:  100/100 Durability:  100/100 orig",p***5,2025-12-20,125,True
Lazada,5347103441,HGHMNDS ONLINE - STREET RAISED HOODIE,5,Design:  same pics 🎧Comfort:  100/100 Style:  10/10,p***5,2025-12-20,51,True
Lazada,5347103441,HGHMNDS ONLINE - STREET RAISED HOODIE,5,solid sobrang bilis kaya lazada lang number one,Alexius Caolboy,2026-01-18,47,True
Lazada,5347103441,HGHMNDS ONLINE - STREET RAISED HOODIE,5,PANALO SOLID PAMPASKO,TYRHONE,2025-12-19,21,True
Lazada,3327978007,HGHMNDS - MILLIONS,5,"Perfect fit, very comfortable!, The shirt looks even better in person!, The shirt looks even better in person!, Great choice for sports and casual wear!, Great choice for sports and casual wear!, High-quality material, worth the price!, I love the unique style!, Great design, love it!, The graphics are amazing!, The graphics are amazing!,",BRYAN YANGA EBREO,2026-06-08,340,True
Lazada,3327978007,HGHMNDS - MILLIONS,5,superbbbbb!! never been disappointed and always been satisfied with your products 💯 thank you as always highminds 🔥,Frebie L.,2023-06-08,115,True
Lazada,3327978007,HGHMNDS - MILLIONS,5,"Great design, love it!, 
Great choice for sports and casual wear!,
Hopefully next purchase may dagdag naman na sticker nyo may damage sa cut ung nakuha ko...",rukhace760,2025-03-14,157,True
Lazada,3327978007,HGHMNDS - MILLIONS,5,"The graphics are amazing!, Great design, love it!, I love the unique style!, The shirt looks even better in person!,",M***.,2025-03-13,116,True
Lazada,3327978007,HGHMNDS - MILLIONS,5,"Material:all goods seller thank you
 Size:XL
 Design:okay ang print ng design bili ako ulit",9***0,2024-02-04,91,True
Lazada,3327978007,HGHMNDS - MILLIONS,5,bahahahsjsjsjdkdkxjhchchcjcjcjdjdndbdndndndndndjdjsksksks s s s s s. ss. d dbdbdbdndbd,D***o,2024-12-11,86,True
Lazada,3327978007,HGHMNDS - MILLIONS,5,Gondo ❤️ sure na bagay to sa asawa ko.,Erika D.,2022-11-15,38,True
Lazada,3327978007,HGHMNDS - MILLIONS,5,"The fabric feels so soft!, I love the unique style!, The shirt looks even better in person!, The graphics are amazing!, The graphics are amazing!, High-quality material, worth the price!, High-quality material, worth the price!,",Christopher,2026-01-07,228,True
Lazada,3327978007,HGHMNDS - MILLIONS,5,"Perfect fit, very comfortable!, Great choice for sports and casual wear!, I'm impressed with the regular fit!, The fabric feels so soft!, Great design, love it!, I love the unique style!, The shirt looks even better in person!, High-quality material, worth the price!,",Vayn Jeon,2026-01-08,268,True
Lazada,3327978007,HGHMNDS - MILLIONS,5,"Great choice for sports and casual wear!, The graphics are amazing!, The shirt looks even better in person!,",Roneth,2025-12-15,108,True
Lazada,3327978007,HGHMNDS - MILLIONS,5,"Solid yan par HGHMNDS yan e, thank sa 11.11 nakaroksi ako ng tatlong tees for only 1,094 👌🏻
Sarap rin talaga umorder sa lazada kasi bakaprio talaga mga order nila kaya kahit 11.11 natanggap ko agad, matsalab sa madaming free stickers.",N***s,2023-11-14,234,True
Lazada,3327978007,HGHMNDS - MILLIONS,5,solid tlaga idol,ronel C.,2023-01-09,16,False
Lazada,3327978007,HGHMNDS - MILLIONS,5,napakalupit talaga mga design ng hghmnds yes i noy,harold C.,2022-11-15,50,True
Lazada,3327978007,HGHMNDS - MILLIONS,5,Legit Salamat nang marami Omar B,9***7,2022-11-23,32,True
Lazada,3327978007,HGHMNDS - MILLIONS,5,suot na agad walang laba laba hahahahahahahahahhaha solid as always. d umabot shipping bago yung Hghmnds 11th,K***.,2022-09-17,109,True
Lazada,3327978007,HGHMNDS - MILLIONS,5,milyun-milyong isipan ang hinulma at pinagsilbihan 🔥🔥🔥,Jay P.,2022-09-19,54,True
Lazada,3327978007,HGHMNDS - MILLIONS,5,yes i solid onalap,dhaniepalle,2022-09-21,18,False
Lazada,3327978007,HGHMNDS - MILLIONS,5,Good quality. keep it up ❤️,Shanice M.,2023-02-10,27,True
Lazada,3327978007,HGHMNDS - MILLIONS,5,"maganda ang fabric niya, makapal, at worth it siyang bilhin",9***7,2022-12-31,59,True
Lazada,3327978007,HGHMNDS - MILLIONS,5,sulit ang ganda ng quality ng t-shirt hnd masasayang yung pera mo.👌🔥,J***.,2022-11-22,68,True
Lazada,3327978007,HGHMNDS - MILLIONS,5,"napakaangas,
salamat sa Solid na Damit ng HGHMNDS,
eto na muna siguro ung Last na order ko wala na kaseng trabaho haha,
sa susunod nlng ulit,
napakaSolid talaga!
5star!",ZaldyAbelloViernes,2023-09-15,168,True
Lazada,3327978007,HGHMNDS - MILLIONS,5,"I'm impressed with the regular fit!, Great choice for sports and casual wear!, Great choice for sports and casual wear!, Perfect fit, very comfortable!, I love the unique style!, The fabric feels so soft!, The fabric feels so soft!, High-quality material, worth the price!, The shirt looks even better in person!,",Jeric Pagal,2025-10-11,313,True
Lazada,3327978007,HGHMNDS - MILLIONS,5,all goods,Ericson E.,2023-02-25,9,False
Lazada,3327978007,HGHMNDS - MILLIONS,5,"The shirt looks even better in person!, I'm impressed with the regular fit!, High-quality material, worth the price!,",J***O,2024-08-09,117,True
Lazada,3327978007,HGHMNDS - MILLIONS,3,"Material:3/5
 Size:5/5
 Design:3/5",R***i,2023-12-18,34,True
Lazada,3327978007,HGHMNDS - MILLIONS,5,"sssssssoooooooollllllllllllliiiiiiiiiiiiiiidddddddddddd
                                  
                                    talaga
                       
                                 highminhs",Alquin A.,2023-07-13,200,True
Lazada,3327978007,HGHMNDS - MILLIONS,5,"Sobrang ganda ng quality bet na bet ng bff premium ko! (ka sitwasyonship ko) 😂 Order ulit ko sya nito baka sakaling mag upgrade kami eme hahahhah pero over all sobrang ganda quality pa sa quality!  Perfect fit, very comfortable!, I love the unique style!, High-quality material, worth the price!, The fabric feels so soft!, Great choice for sports and casual wear!, I'm impressed with the regular fit!, The graphics are amazing!, Great design, love it!,",Zeny,2024-07-02,453,True
Lazada,3327978007,HGHMNDS - MILLIONS,5,goods💯,C***.,2022-10-31,6,False
Lazada,3327978007,HGHMNDS - MILLIONS,5,solid ❤,Angel C.,2022-11-14,7,False
Lazada,3327978007,HGHMNDS - MILLIONS,5,Allgoods.... apaka solid..🤙,Reny Arnasan,2023-11-22,27,True
Lazada,15482826980,HGHMNDS ONLINE - FUTURISTIC SHIRT,5,"🛠️Durability:matibay to ksi sa tela at tahi pa lng
 🎨 Design:simple lng desisgn nia 
 🔨Durability:makapal tela
 
ganda ng tshirt lalo na yung tela",Vander Escalona,2026-05-06,146,True
Lazada,5141470804,HGHMNDS ONLINE - DECLINE SHIRT,5,The items are very good. I really like the products so much. Their store really never disappoints. The quality is perfect. The sizes are really matching with the dimensions that they have posted on the page and I have faced no issues with my order. Everything is perfect and I really love the product so much!!￼,V***l,2025-10-19,311,True
Lazada,5141470804,HGHMNDS ONLINE - DECLINE SHIRT,5,The items are very good. I really like the products so much. Their store really never disappoints. The quality is perfect. The sizes are really matching with the dimensions that they have posted on the page and I have faced no issues with my order. Everything is perfect and I really love the product so much!!￼,m***a,2025-10-22,311,True
Lazada,5141470804,HGHMNDS ONLINE - DECLINE SHIRT,5,The items are very good. I really like the products so much. Their store really never disappoints. The quality is perfect. The sizes are really matching with the dimensions that they have posted on the page and I have faced no issues with my order. Everything is perfect and I really love the product so much!!￼,P***n,2025-10-19,311,True
Lazada,5141470804,HGHMNDS ONLINE - DECLINE SHIRT,5,The items are very good. I really like the products so much. Their store really never disappoints. The quality is perfect. The sizes are really matching with the dimensions that they have posted on the page and I have faced no issues with my order. Everything is perfect and I really love the product so much!!￼,R***o,2025-10-19,311,True
Lazada,5141470804,HGHMNDS ONLINE - DECLINE SHIRT,5,The items are very good. I really like the products so much. Their store really never disappoints. The quality is perfect. The sizes are really matching with the dimensions that they have posted on the page and I have faced no issues with my order. Everything is perfect and I really love the product so much!!￼,s***o,2025-10-14,311,True
Lazada,5141470804,HGHMNDS ONLINE - DECLINE SHIRT,5,The items are very good. I really like the products so much. Their store really never disappoints. The quality is perfect. The sizes are really matching with the dimensions that they have posted on the page and I have faced no issues with my order. Everything is perfect and I really love the product so much!!￼,D***o,2025-10-11,311,True
Lazada,5141470804,HGHMNDS ONLINE - DECLINE SHIRT,5,The items are very good. I really like the products so much. Their store really never disappoints. The quality is perfect. The sizes are really matching with the dimensions that they have posted on the page and I have faced no issues with my order. Everything is perfect and I really love the product so much!!￼,A***g,2025-10-14,311,True
Lazada,5141470804,HGHMNDS ONLINE - DECLINE SHIRT,5,The items are very good. I really like the products so much. Their store really never disappoints. The quality is perfect. The sizes are really matching with the dimensions that they have posted on the page and I have faced no issues with my order. Everything is perfect and I really love the product so much!!￼,j***z,2025-10-14,311,True
Lazada,5141470804,HGHMNDS ONLINE - DECLINE SHIRT,5,The items are very good. I really like the products so much. Their store really never disappoints. The quality is perfect. The sizes are really matching with the dimensions that they have posted on the page and I have faced no issues with my order. Everything is perfect and I really love the product so much!!￼,F***e,2025-10-07,311,True
Lazada,5141470804,HGHMNDS ONLINE - DECLINE SHIRT,5,The items are very good. I really like the products so much. Their store really never disappoints. The quality is perfect. The sizes are really matching with the dimensions that they have posted on the page and I have faced no issues with my order. Everything is perfect and I really love the product so much!!￼,m***a,2025-09-28,311,True
Lazada,5141470804,HGHMNDS ONLINE - DECLINE SHIRT,5,The items are very good. I really like the products so much. Their store really never disappoints. The quality is perfect. The sizes are really matching with the dimensions that they have posted on the page and I have faced no issues with my order. Everything is perfect and I really love the product so much!!￼,m***a,2025-09-30,311,True
Lazada,5141470804,HGHMNDS ONLINE - DECLINE SHIRT,5,The items are very good. I really like the products so much. Their store really never disappoints. The quality is perfect. The sizes are really matching with the dimensions that they have posted on the page and I have faced no issues with my order. Everything is perfect and I really love the product so much!!￼,i***n,2025-10-03,311,True
Lazada,5141470804,HGHMNDS ONLINE - DECLINE SHIRT,5,The items are very good. I really like the products so much. Their store really never disappoints. The quality is perfect. The sizes are really matching with the dimensions that they have posted on the page and I have faced no issues with my order. Everything is perfect and I really love the product so much!!￼,P***n,2025-08-05,311,True
Lazada,5141470804,HGHMNDS ONLINE - DECLINE SHIRT,5,Layo sa personal,Jhude,2026-01-13,16,False
Lazada,4467099914,HGHMNDS CLO. - BLISSFUL,1,fake shirt print is just a cropped low quality jpeg image from the original shirt dont order,joel madrid,2026-02-28,92,True
Lazada,4467099914,HGHMNDS CLO. - BLISSFUL,1,🏅Material Quality:  Tigilan niyo pag gawa ng imitation sana wag kayo manloko ng mga customer  sahme on you!,Third-Party-User,2026-05-20,107,True
Lazada,4467099914,HGHMNDS CLO. - BLISSFUL,1,Basura walang kwenta scam,Armando,2025-11-19,25,True
Lazada,2706587938,HIGH MINDS T-SHIRTS WITH FREE STICKER,4,Wrong size i received medium instead of xs,Marilar De Guzman,2024-12-11,42,True
Lazada,4694144206,HGHMNDS CLO. - STEEL WORKS，,5,The items are very good. I really like the products so much. Their store really never disappoints. The quality is perfect. The sizes are really matching with the dimensions that they have posted on the page and I have faced no issues with my order. Everything is perfect and I really love the product so much!!￼,a***z,2025-07-14,311,True
Lazada,4694144206,HGHMNDS CLO. - STEEL WORKS，,5,The items are very good. I really like the products so much. Their store really never disappoints. The quality is perfect. The sizes are really matching with the dimensions that they have posted on the page and I have faced no issues with my order. Everything is perfect and I really love the product so much!!￼,a***r,2025-07-10,311,True
Lazada,4694144206,HGHMNDS CLO. - STEEL WORKS，,5,The items are very good. I really like the products so much. Their store really never disappoints. The quality is perfect. The sizes are really matching with the dimensions that they have posted on the page and I have faced no issues with my order. Everything is perfect and I really love the product so much!!￼,C***g,2025-06-20,311,True
Lazada,4694144206,HGHMNDS CLO. - STEEL WORKS，,5,The items are very good. I really like the products so much. Their store really never disappoints. The quality is perfect. The sizes are really matching with the dimensions that they have posted on the page and I have faced no issues with my order. Everything is perfect and I really love the product so much!!￼,w***e,2025-06-23,311,True
Lazada,4694144206,HGHMNDS CLO. - STEEL WORKS，,5,I will reccomend this shop for everyone dahil ang ganda talaga ng item nila at pati na rin sa clothing If you can buy this shops then you will be satisfied for the products😍🧡 Grabi pagkatapos kong ma recieved ang item binuksan ko kaagad tapos natuwa talaga ako kasi nagandahan ako sa item ko😍,A***g,2024-12-05,292,True
Lazada,4694144206,HGHMNDS CLO. - STEEL WORKS，,5,The items are very good. I really like the products so much. Their store really never disappoints. The quality is perfect. The sizes are really matching with the dimensions that they have posted on the page and I have faced no issues with my order. Everything is perfect and I really love the product so much!!￼,j***s,2025-04-30,311,True
Lazada,4694144206,HGHMNDS CLO. - STEEL WORKS，,5,The items are very good. I really like the products so much. Their store really never disappoints. The quality is perfect. The sizes are really matching with the dimensions that they have posted on the page and I have faced no issues with my order. Everything is perfect and I really love the product so much!!￼,J***n,2025-06-06,311,True
Lazada,4694144206,HGHMNDS CLO. - STEEL WORKS，,5,ano tong dumating Sakin?. white in white na kulay? nag tipid ata kayu ng kulay sa damit na to ah.. nag bayad naman Ako Ng Tama. bakit ganto damit pinadala nyu? grabe kayu,Aiks areik,2025-04-08,170,True
Lazada,4694144206,HGHMNDS CLO. - STEEL WORKS，,5,The items are very good. I really like the products so much. Their store really never disappoints. The quality is perfect. The sizes are really matching with the dimensions that they have posted on the page and I have faced no issues with my order. Everything is perfect and I really love the product so much!!￼,R***s,2025-06-14,311,True
Lazada,4694144206,HGHMNDS CLO. - STEEL WORKS，,5,The items are very good. I really like the products so much. Their store really never disappoints. The quality is perfect. The sizes are really matching with the dimensions that they have posted on the page and I have faced no issues with my order. Everything is perfect and I really love the product so much!!￼,Z***s,2025-05-16,311,True
Lazada,4694144206,HGHMNDS CLO. - STEEL WORKS，,5,The items are very good. I really like the products so much. Their store really never disappoints. The quality is perfect. The sizes are really matching with the dimensions that they have posted on the page and I have faced no issues with my order. Everything is perfect and I really love the product so much!!￼,s***o,2025-07-02,311,True
Lazada,4694144206,HGHMNDS CLO. - STEEL WORKS，,5,"The product feels well-made and durable. It performs as expected and meets the advertised features. The design is sleek and attractive. It’s reasonably priced for the quality provided.
   Overall, I would recommend this product to others. It offers good value, and I’m satisfied with my purchase.",A***n,2024-12-04,296,True
Lazada,4694144206,HGHMNDS CLO. - STEEL WORKS，,5,"Was recommended to be by a friend. 
Product wise is a 10/10 definitely would also recommend.
Transaction is smooth and easy.
Actual size compared to size on the details is accurate.",a***z,2024-12-05,181,True
Lazada,4694144206,HGHMNDS CLO. - STEEL WORKS，,5,"Unique streetwear brand, Stylish design, Inspiring and uplifting, Great value for money, Ideal for battle and triumph, Perfect fit, Versatile color options, Soft and comfortable fabric,",Jenbert,2025-03-23,185,True
Lazada,4694144206,HGHMNDS CLO. - STEEL WORKS，,5,"Received the goods, the quality of the goods is good, the price is very cheap, it is worth buying",M***a,2024-12-03,97,True
Lazada,4694144206,HGHMNDS CLO. - STEEL WORKS，,5,Thank u seller. Maasikaso and kahit anong tanong mo masasagot nila! Nextime ulit ako order❤️,9***a,2024-11-17,92,True
Lazada,4694144206,HGHMNDS CLO. - STEEL WORKS，,5,got it soon. like it..,1***y,2024-11-08,22,True
Lazada,4694144206,HGHMNDS CLO. - STEEL WORKS，,5,"🎨 🔨Durability:Soft and comfortable fabric, Great value for money, jusko bat naman ganun? kala ko maayos ung shirt...",R***s,2025-12-04,116,True
Lazada,4694144206,HGHMNDS CLO. - STEEL WORKS，,5,The items are very good. I really like the products so much. Their store really never disappoints. The quality is perfect. The sizes are really matching with the dimensions that they have posted on the page and I have faced no issues with my order. Everything is perfect and I really love the product so much!!￼,m***o,2025-10-16,311,True
Lazada,4694144206,HGHMNDS CLO. - STEEL WORKS，,5,The items are very good. I really like the products so much. Their store really never disappoints. The quality is perfect. The sizes are really matching with the dimensions that they have posted on the page and I have faced no issues with my order. Everything is perfect and I really love the product so much!!￼,m***z,2025-10-16,311,True
Lazada,4694144206,HGHMNDS CLO. - STEEL WORKS，,5,The items are very good. I really like the products so much. Their store really never disappoints. The quality is perfect. The sizes are really matching with the dimensions that they have posted on the page and I have faced no issues with my order. Everything is perfect and I really love the product so much!!￼,c***a,2025-10-12,311,True
Lazada,4694144206,HGHMNDS CLO. - STEEL WORKS，,5,The items are very good. I really like the products so much. Their store really never disappoints. The quality is perfect. The sizes are really matching with the dimensions that they have posted on the page and I have faced no issues with my order. Everything is perfect and I really love the product so much!!￼,Z***s,2025-10-16,311,True
Lazada,4694144206,HGHMNDS CLO. - STEEL WORKS，,5,The items are very good. I really like the products so much. Their store really never disappoints. The quality is perfect. The sizes are really matching with the dimensions that they have posted on the page and I have faced no issues with my order. Everything is perfect and I really love the product so much!!￼,c***a,2025-10-11,311,True
Lazada,4694144206,HGHMNDS CLO. - STEEL WORKS，,5,The items are very good. I really like the products so much. Their store really never disappoints. The quality is perfect. The sizes are really matching with the dimensions that they have posted on the page and I have faced no issues with my order. Everything is perfect and I really love the product so much!!￼,C***s,2025-10-12,311,True
Lazada,4694144206,HGHMNDS CLO. - STEEL WORKS，,5,The items are very good. I really like the products so much. Their store really never disappoints. The quality is perfect. The sizes are really matching with the dimensions that they have posted on the page and I have faced no issues with my order. Everything is perfect and I really love the product so much!!￼,w***e,2025-10-16,311,True
Lazada,4694144206,HGHMNDS CLO. - STEEL WORKS，,5,The items are very good. I really like the products so much. Their store really never disappoints. The quality is perfect. The sizes are really matching with the dimensions that they have posted on the page and I have faced no issues with my order. Everything is perfect and I really love the product so much!!￼,d***s,2025-10-17,311,True
Lazada,4694144206,HGHMNDS CLO. - STEEL WORKS，,5,The items are very good. I really like the products so much. Their store really never disappoints. The quality is perfect. The sizes are really matching with the dimensions that they have posted on the page and I have faced no issues with my order. Everything is perfect and I really love the product so much!!￼,S***r,2025-10-17,311,True
Lazada,4694144206,HGHMNDS CLO. - STEEL WORKS，,5,The items are very good. I really like the products so much. Their store really never disappoints. The quality is perfect. The sizes are really matching with the dimensions that they have posted on the page and I have faced no issues with my order. Everything is perfect and I really love the product so much!!￼,J***n,2025-10-17,311,True
Lazada,4694144206,HGHMNDS CLO. - STEEL WORKS，,5,The items are very good. I really like the products so much. Their store really never disappoints. The quality is perfect. The sizes are really matching with the dimensions that they have posted on the page and I have faced no issues with my order. Everything is perfect and I really love the product so much!!￼,M***y,2025-10-10,311,True
Lazada,4694144206,HGHMNDS CLO. - STEEL WORKS，,5,The items are very good. I really like the products so much. Their store really never disappoints. The quality is perfect. The sizes are really matching with the dimensions that they have posted on the page and I have faced no issues with my order. Everything is perfect and I really love the product so much!!￼,H***A,2025-10-02,311,True
Lazada,5017128132,HGHMNDS CLO. - IVORY LONGSLEEVES,5,"Ideal for layering outfits, Easy to match with jeans, Easy to match with jeans, 
 Design:100 very good 
 🛠️Durability:10
 🎨 Design:plain but classic 
 🔨Durability:10",RJ Caunca,2026-06-15,165,True
Lazada,5017128132,HGHMNDS CLO. - IVORY LONGSLEEVES,5,ayos kala ko si AKT na pero soya parin bosss omar damihan ko lang sayang coins awit ko lang pa hahhahahahahahhahahahahahahahahhahhahahhahahaha,D***.,2025-04-15,142,True
Lazada,5017128132,HGHMNDS CLO. - IVORY LONGSLEEVES,5,"Ideal for layering outfits, Great fit and finish,",J***a,2026-05-22,49,True
Lazada,5017128132,HGHMNDS CLO. - IVORY LONGSLEEVES,5,"Design:Eye-catching graphics, good
 🛠️Durability:excelent
 🎨 Design:beautifulGreat fit and finish, Ideal for layering outfits, Easy to match with jeans,",J***s,2025-10-14,152,True
Lazada,5017128132,HGHMNDS CLO. - IVORY LONGSLEEVES,5,"Thank you for your payment of P534.66 on 09-24-2025 07:21 PM. Your payment is being processed and will be posted within 2 business days. You will not incur additional penalties and interest charges while the payment is being processed. Your GCredit limit will be replenished as soon as payment is posted. Please note that if you repaid your balance early, any interest incurred will only reflect on your billing date.",J***o,2025-09-25,417,True
Lazada,5017128132,HGHMNDS CLO. - IVORY LONGSLEEVES,5,"Design:goods nmn po
 🛠️Durability:jusjdjdndndbdndjdkdnnd
 🎨 Design:magandajsjjjdjdjdiend
 banjsnsjdnjdjdjdjdjdjjeje6
ndjdjdnndxhhdndbdndjcc",Rhay Ann Raymundo,2025-06-28,139,True
Lazada,5017128132,HGHMNDS CLO. - IVORY LONGSLEEVES,5,whopppssyyyy yes iiiii❤️❤️❤️❤️😍😍😍😍😍❤️❤️❤️❤️❤️❤️❤️❤️❤️😍😍😍😍😍❤️😍😍😍😍😍😍❤️😍❤️,Benh,2025-05-17,71,True
Lazada,5017128132,HGHMNDS CLO. - IVORY LONGSLEEVES,5,HAHAHAHAHAHHAHAHAHAHAHAHAHAHAHAHAHAHAHAYAHAYAHAYAHHAAHHQHQHQHAHAHAHAHAHAHAHQHAH,rey rosell,2025-06-18,79,True
Lazada,5017128132,HGHMNDS CLO. - IVORY LONGSLEEVES,5,"babsishdh
 🛠️Durabil：
🔨Durabilbzjakavdiebdbdbdbdosnebrbdjdjdity：",Ariel Velasco,2025-07-16,64,True
Lazada,5017128132,HGHMNDS CLO. - IVORY LONGSLEEVES,5,🏅Material Quality:  💯% Goods  🎨Design:  100% Goods Design:  Good,Leo,2025-07-03,64,True
Lazada,5017128132,HGHMNDS CLO. - IVORY LONGSLEEVES,5,Design:  10/10 🛠️Durability:  10/10 🎨Design:  10/10,Rodneh Mofan,2026-07-03,51,True
Lazada,5017128132,HGHMNDS CLO. - IVORY LONGSLEEVES,5,nice and comfort,Rayan,2025-07-10,16,False
Lazada,5017128132,HGHMNDS CLO. - IVORY LONGSLEEVES,5,ghfddhj,Joey,2025-04-07,7,False
Lazada,5017128132,HGHMNDS CLO. - IVORY LONGSLEEVES,5,Dope 🔥,John,2025-04-01,6,False
Lazada,5017128132,HGHMNDS CLO. - IVORY LONGSLEEVES,5,"Easy to match with jeans, Great fit and finish, Ideal for layering outfits,",Bong Australia,2025-10-16,75,True
Lazada,5017128132,HGHMNDS CLO. - IVORY LONGSLEEVES,5,solid ganda ng tela nyo,Darelzabala,2026-01-14,23,True
Lazada,5017128132,HGHMNDS CLO. - IVORY LONGSLEEVES,5,goods na goods🔥,Christian,2025-12-01,15,False
Lazada,5017128132,HGHMNDS CLO. - IVORY LONGSLEEVES,5,solid 🔥🔥👌,Ty Ron,2025-09-12,9,False
Lazada,5017128132,HGHMNDS CLO. - IVORY LONGSLEEVES,5,good quality. 100/100,JOMAR,2025-05-04,21,True
Lazada,5017128132,HGHMNDS CLO. - IVORY LONGSLEEVES,5,quality,emorejalliv,2025-05-02,7,False
Lazada,5017128132,HGHMNDS CLO. - IVORY LONGSLEEVES,5,Design：,Angelo,2025-06-11,7,False
Lazada,4226087113,HGHMNDS - WIRE THERAPY,5,"Soft and breathable fabric, Great quality, Perfectly sized, Unique streetwear vibe, Perfect for sports, Awesome graphic print, Comfortable fit,",jayson,2025-01-18,143,True
Lazada,4226087113,HGHMNDS - WIRE THERAPY,5,ndndjjndjfnfifnfucnfjcjfnfifnfifndicndjfnfifnfjcndndifndjckfnfifnfjfnnfjjfnf,A***o,2025-01-12,76,True
Lazada,4226087113,HGHMNDS - WIRE THERAPY,5,"Awesome graphic print, Comfortable fit, Stylish design, Soft and breathable fabric, Unique streetwear vibe, Excellent value for money,",Bong Australia,2025-12-17,134,True
Lazada,4226087113,HGHMNDS - WIRE THERAPY,5,"Nakailang order na ko, Solid pa rin, will buy again. We will collect them all promise. Gaganda ng designs",D***z,2025-12-06,105,True
Lazada,4226087113,HGHMNDS - WIRE THERAPY,5,"Design:10  
 🎨 Design:10 
 🔨Durability:10
 🏅Material Quality:10
 👟Style:10
 Comfort:10",R***E,2025-12-16,86,True
Lazada,4226087113,HGHMNDS - WIRE THERAPY,5,Design:  nanamakanankakakahaha 🎨Design:  hahaakaknajKkanhajajajahahhaakkabsusjxnsnajajnznzshanakzkbxz,Edrick,2025-10-10,101,True
Lazada,4226087113,HGHMNDS - WIRE THERAPY,5,napaka angas ... quality talaga ang tela.. nice printing ... Hindi ko na mabilang kung pailang order ko na to... 🔥🔥🔥🔥🔥🔥🔥,0***8,2024-07-06,120,True
Lazada,4226087113,HGHMNDS - WIRE THERAPY,5,"Comfortable fit, Stylish design, Soft and breathable fabric, Unique streetwear vibe, Versatile for all seasons, Comfortable fit, Stylish design, Soft and breathable fabric,",JONELLE,2024-05-09,172,True
Lazada,4226087113,HGHMNDS - WIRE THERAPY,5,"Perfect for sports, Versatile for all seasons, Unique streetwear vibe, 
 🎨Design:jjuhhhhhhhudjdjdhdhdhhd",L***a,2025-06-29,104,True
Lazada,4226087113,HGHMNDS - WIRE THERAPY,5,"Pangatlong order nato ☺️ I love the design, quality and mabait si seller. Tama na ang size. Yehey! 🖤🔥 Thank you will surely order again.",Kriselyn,2024-02-02,136,True
Lazada,4226087113,HGHMNDS - WIRE THERAPY,5,"Perfect for sports, Soft and breathable fabric, Awesome graphic print, Versatile for all seasons, Perfectly sized,",f***p,2025-01-05,114,True
Lazada,4226087113,HGHMNDS - WIRE THERAPY,5,"Soft and breathable fabric, Awesome graphic print, Versatile for all seasons, Unique streetwear vibe, Great quality,",N***z,2025-01-01,116,True
Lazada,4226087113,HGHMNDS - WIRE THERAPY,5,"Welcome to Gboard clipboard, any text you copy will be saved here.Tap on a clip to paste it in the text box.Touch and hold a clip to pin it. Unpinned clips will be deleted after 1 hour.",J***y,2024-04-16,185,True
Lazada,4226087113,HGHMNDS - WIRE THERAPY,5,"Comfortable fit, Great quality, Awesome graphic print, Perfect for sports, Unique streetwear vibe, Perfectly sized, Soft and breathable fabric, Versatile for all seasons,",Z***m,2024-04-01,170,True
Lazada,4226087113,HGHMNDS - WIRE THERAPY,5,"Versatile for all seasons, Perfectly sized, Unique streetwear vibe, Perfect for sports, Perfect for sports, Excellent value for money,",Anne,2024-05-11,134,True
Lazada,4226087113,HGHMNDS - WIRE THERAPY,5,"Unique streetwear vibe, Awesome graphic print, Excellent value for money, Stylish design, Comfortable fit, Soft and breathable fabric,",Althea May,2024-01-07,134,True
Lazada,4226087113,HGHMNDS - WIRE THERAPY,5,"Stylish design, Great quality, Versatile for all seasons, Unique streetwear vibe, Ganda Ng tela",f***p,2025-01-05,95,True
Lazada,4226087113,HGHMNDS - WIRE THERAPY,5,"Design:
kwaliti kwaliti kwaliti kwaliti kwaliti kwaliti kwaliti kwaliti kwaliti kwaliti kwaliti",Marc Balanay,2024-03-17,95,True
Lazada,4226087113,HGHMNDS - WIRE THERAPY,5,"Perfectly sized, Unique streetwear vibe,",John,2024-08-10,40,True
Lazada,4226087113,HGHMNDS - WIRE THERAPY,5,Maling size na nga mali pa design tanginangyan nakakasura e ayos naman yung bayad,Bryce,2023-12-22,81,True
Lazada,4226087113,HGHMNDS - WIRE THERAPY,5,"Comfortable fit, Great quality, Excellent value for money, Perfect for sports,",Bong Australia,2025-01-22,78,True
Lazada,4226087113,HGHMNDS - WIRE THERAPY,5,Quality finally nakaisa na din sa highminds planning to buy more thank you lazada,****5,2025-06-24,81,True
Lazada,4226087113,HGHMNDS - WIRE THERAPY,5,"Soft and breathable fabric, Perfectly sized, Great quality,",f***p,2025-01-07,59,True
Lazada,4226087113,HGHMNDS - WIRE THERAPY,5,"maganda Ang high minds favorite sya Ng Asawa ko😊
original pa",AprilRose Bernal,2023-12-29,60,True
Lazada,4226087113,HGHMNDS - WIRE THERAPY,5,"Excellent value for money,",Pendon Dhy,2025-07-30,26,True
Lazada,4226087113,HGHMNDS - WIRE THERAPY,5,matinde,Mirnel Aniano,2023-12-14,7,False
Lazada,4226087113,HGHMNDS - WIRE THERAPY,5,"I bought the shirt for my bf’s birthday gift, he was so happy and satisfied with it. The design, quality is very nice, the size guide provided online is true to size 😀 and the keychain also that I bought at the same time, it has a good quality",J***n,2024-06-15,243,True
Lazada,4226087113,HGHMNDS - WIRE THERAPY,5,"Versatile for all seasons, Stylish design, Perfect for sports,",Peter,2025-10-20,62,True
Lazada,4226087113,HGHMNDS - WIRE THERAPY,5,"Comfortable fit, Great quality, Excellent value for money, Awesome graphic print, Perfect for sports, Unique streetwear vibe,",K***o,2024-03-30,125,True
Lazada,4226087113,HGHMNDS - WIRE THERAPY,5,"Soft and breathable fabric, Versatile for all seasons, Perfect for sports, Excellent value for money,",Nouie Burgonio,2025-01-14,101,True
Lazada,4420504292,HGHMNDS CLO. - REDEMPTION,5,"Eye-catching design for a trendy look, Excellent quality and craftsmanship, Suitable for all occasions, Excellent quality and craftsmanship, Suitable for all occasions, Great choice for summer wear, Suitable for all occasions, Great choice for summer wear,",M***n,2024-09-21,256,True
Lazada,4420504292,HGHMNDS CLO. - REDEMPTION,5,imitation,Jhon,2024-07-13,9,False
Lazada,4420504292,HGHMNDS CLO. - REDEMPTION,5,"Perfect fit in size 3XL, Excellent quality and craftsmanship, Short sleeves for a casual look, Vibrant color options available, Perfect fit in size 3XL,",Chris  Dimaano,2024-11-20,152,True
Lazada,4420504292,HGHMNDS CLO. - REDEMPTION,5,maganda,JAMES,2024-08-19,7,False
Lazada,4420504292,HGHMNDS CLO. - REDEMPTION,2,looks like a sticker printed on a chip t-shirt,9***4,2026-04-11,46,True
Lazada,15389371957,HIGHMINDS CLOTHING V2 INSPIRED OVERSIZED TSHIRT DESIGN Men's Tops - T-shirts Menswear Print .C,5,"Design:poor
 
not beautiful",Kyle Kuzma Moreno,2026-06-22,27,True
Lazada,15389371957,HIGHMINDS CLOTHING V2 INSPIRED OVERSIZED TSHIRT DESIGN Men's Tops - T-shirts Menswear Print .C,5,goods,Jhonald Awas,2026-04-13,5,False
Lazada,5120939019,HGHMNDS CLO. - MANIFEST .2025,5,"maganda sya at kasya sa asawako
 bili ulit Ako next time pag may Pera .  kaya kayu bili na at di kayu mag sisi",Kimberly Diaz,2026-02-11,110,True
Lazada,5141565174,HGHMNDS ONLINE - HEAVY MEDAL SHIRT,5,The items are very good. I really like the products so much. Their store really never disappoints. The quality is perfect. The sizes are really matching with the dimensions that they have posted on the page and I have faced no issues with my order. Everything is perfect and I really love the product so much!!￼,m***a,2025-10-22,311,True
Lazada,5141565174,HGHMNDS ONLINE - HEAVY MEDAL SHIRT,5,The items are very good. I really like the products so much. Their store really never disappoints. The quality is perfect. The sizes are really matching with the dimensions that they have posted on the page and I have faced no issues with my order. Everything is perfect and I really love the product so much!!￼,R***o,2025-10-19,311,True
Lazada,5141565174,HGHMNDS ONLINE - HEAVY MEDAL SHIRT,5,The items are very good. I really like the products so much. Their store really never disappoints. The quality is perfect. The sizes are really matching with the dimensions that they have posted on the page and I have faced no issues with my order. Everything is perfect and I really love the product so much!!￼,P***n,2025-10-19,311,True
Lazada,5141565174,HGHMNDS ONLINE - HEAVY MEDAL SHIRT,5,The items are very good. I really like the products so much. Their store really never disappoints. The quality is perfect. The sizes are really matching with the dimensions that they have posted on the page and I have faced no issues with my order. Everything is perfect and I really love the product so much!!￼,V***l,2025-10-19,311,True
Lazada,5141565174,HGHMNDS ONLINE - HEAVY MEDAL SHIRT,5,The items are very good. I really like the products so much. Their store really never disappoints. The quality is perfect. The sizes are really matching with the dimensions that they have posted on the page and I have faced no issues with my order. Everything is perfect and I really love the product so much!!￼,D***o,2025-10-11,311,True
Lazada,5141565174,HGHMNDS ONLINE - HEAVY MEDAL SHIRT,5,The items are very good. I really like the products so much. Their store really never disappoints. The quality is perfect. The sizes are really matching with the dimensions that they have posted on the page and I have faced no issues with my order. Everything is perfect and I really love the product so much!!￼,j***z,2025-10-14,311,True
Lazada,5141565174,HGHMNDS ONLINE - HEAVY MEDAL SHIRT,5,The items are very good. I really like the products so much. Their store really never disappoints. The quality is perfect. The sizes are really matching with the dimensions that they have posted on the page and I have faced no issues with my order. Everything is perfect and I really love the product so much!!￼,s***o,2025-10-14,311,True
Lazada,5141565174,HGHMNDS ONLINE - HEAVY MEDAL SHIRT,5,The items are very good. I really like the products so much. Their store really never disappoints. The quality is perfect. The sizes are really matching with the dimensions that they have posted on the page and I have faced no issues with my order. Everything is perfect and I really love the product so much!!￼,A***g,2025-10-14,311,True
Lazada,5141565174,HGHMNDS ONLINE - HEAVY MEDAL SHIRT,5,The items are very good. I really like the products so much. Their store really never disappoints. The quality is perfect. The sizes are really matching with the dimensions that they have posted on the page and I have faced no issues with my order. Everything is perfect and I really love the product so much!!￼,F***e,2025-10-05,311,True
Lazada,5141565174,HGHMNDS ONLINE - HEAVY MEDAL SHIRT,5,The items are very good. I really like the products so much. Their store really never disappoints. The quality is perfect. The sizes are really matching with the dimensions that they have posted on the page and I have faced no issues with my order. Everything is perfect and I really love the product so much!!￼,m***a,2025-09-27,311,True
Lazada,5141565174,HGHMNDS ONLINE - HEAVY MEDAL SHIRT,5,fake item,Robert P. Alcairo,2025-11-20,9,False
Lazada,4457666606,HGHMNDS CLO. - Life Force Shirt,5,safe lang,9***9,2024-07-14,9,False
Lazada,4457666606,HGHMNDS CLO. - Life Force Shirt,1,"cheap ng quality specially the print. halatang halata na edited and kinuha lang sa legit na highminds.
DON'T BUY THIS PRODUCT!!!!!!!!!!",Crisan,2024-10-19,135,True
Lazada,4457666606,HGHMNDS CLO. - Life Force Shirt,2,manipis lng Yung damit Tas Yung design nya nd maganda pero ok nadin,Ejhay domingo,2024-08-12,67,True
Lazada,5141350601,HIGHMINDS INSPIRED V1 OVERSIZED SHIRTS Menswear Top,5,"Fast shipping service, Unisex sizing,",sofiabrylevillan,2026-02-24,37,True
Lazada,5141350601,HIGHMINDS INSPIRED V1 OVERSIZED SHIRTS Menswear Top,5,"Material:good
 Size:fit
 Price:afford",E***n,2025-12-19,37,True
Lazada,4506980896,HGHMNDS - BURN BABYLON,1,"mali ung nadeliver
 Material:manipis 
 Size:maliit para sa L",Mathew Serrano,2025-02-06,60,True
Lazada,5365520636,HIGHMINDS CLOTHING V4 INSPIRED OVERSIZED TSHIRT DESIGN Men's Tops - T-shirts Menswear Print .2026,1,ampangit Nung tela tas ang lamlam ng pagka black nya sayang pera,Reynaldovalencia,2026-03-05,64,True
Lazada,4574828612,HGHMNDS ONLINE - SKILLS SHIRT,5,bakit po red eh black po ung inorder kopo pero maganda po siya thank you,Carla joy Lopez,2024-12-18,72,True
Lazada,4574828612,HGHMNDS ONLINE - SKILLS SHIRT,5,local lang pala awit maganda lang tlga sa picture,Lazada Guest,2026-04-17,49,True
Lazada,4574828612,HGHMNDS ONLINE - SKILLS SHIRT,1,panget,edreehan26,2025-11-10,6,False
